ChargeBoxId,LandmarkName,Category,Lat,Lon,Distance_m
SCAC1136,Yio Chu Kang Grove,residential,1.3760552,103.8409028,107.13583417241918
SCAC1136,,residential,1.3784581,103.8421411,295.5485875278744
SCAC1136,Kebun Baru Link,residential,1.3756707,103.83726,342.007169631817
SCAC1136,Yio Chu Kang Green,residential,1.3793622,103.8371664,447.63478780269566
SCAC1136,,residential,1.3719161,103.8396733,532.2925694399306
SCAC1137,Yio Chu Kang Grove,residential,1.3760552,103.8409028,107.13583417241918
SCAC1137,,residential,1.3784581,103.8421411,295.5485875278744
SCAC1137,Kebun Baru Link,residential,1.3756707,103.83726,342.007169631817
SCAC1137,Yio Chu Kang Green,residential,1.3793622,103.8371664,447.63478780269566
SCAC1137,,residential,1.3719161,103.8396733,532.2925694399306
SCAC1138,Yio Chu Kang Grove,residential,1.3760552,103.8409028,107.13583417241918
SCAC1138,,residential,1.3784581,103.8421411,295.5485875278744
SCAC1138,Kebun Baru Link,residential,1.3756707,103.83726,342.007169631817
SCAC1138,Yio Chu Kang Green,residential,1.3793622,103.8371664,447.63478780269566
SCAC1138,,residential,1.3719161,103.8396733,532.2925694399306
SCAC1109,Khatib Spring,residential,1.4263559,103.8299075,31.426118277578848
SCAC1109,Chong Pang Green,residential,1.4280623,103.8282198,290.80814284390726
SCAC1109,,residential,1.4291098,103.8320252,410.8754966525976
SCAC1109,Nee Soon Central Green,residential,1.4267251,103.8335994,415.5141846548862
SCAC1109,,residential,1.4239771,103.8332133,434.12426336905645
SCAC1110,Khatib Spring,residential,1.4263559,103.8299075,31.426118277578848
SCAC1110,Chong Pang Green,residential,1.4280623,103.8282198,290.80814284390726
SCAC1110,,residential,1.4291098,103.8320252,410.8754966525976
SCAC1110,Nee Soon Central Green,residential,1.4267251,103.8335994,415.5141846548862
SCAC1110,,residential,1.4239771,103.8332133,434.12426336905645
SCAC1111,Khatib Spring,residential,1.4263559,103.8299075,31.426118277578848
SCAC1111,Chong Pang Green,residential,1.4280623,103.8282198,290.80814284390726
SCAC1111,,residential,1.4291098,103.8320252,410.8754966525976
SCAC1111,Nee Soon Central Green,residential,1.4267251,103.8335994,415.5141846548862
SCAC1111,,residential,1.4239771,103.8332133,434.12426336905645
SCAC1112,Khatib Spring,residential,1.4263559,103.8299075,31.426118277578848
SCAC1112,Chong Pang Green,residential,1.4280623,103.8282198,290.80814284390726
SCAC1112,,residential,1.4291098,103.8320252,410.8754966525976
SCAC1112,Nee Soon Central Green,residential,1.4267251,103.8335994,415.5141846548862
SCAC1112,,residential,1.4239771,103.8332133,434.12426336905645
SCAC1113,Khatib Spring,residential,1.4263559,103.8299075,31.426118277578848
SCAC1113,Chong Pang Green,residential,1.4280623,103.8282198,290.80814284390726
SCAC1113,,residential,1.4291098,103.8320252,410.8754966525976
SCAC1113,Nee Soon Central Green,residential,1.4267251,103.8335994,415.5141846548862
SCAC1113,,residential,1.4239771,103.8332133,434.12426336905645
SCAC1114,Khatib Spring,residential,1.4263559,103.8299075,31.426118277578848
SCAC1114,Chong Pang Green,residential,1.4280623,103.8282198,290.80814284390726
SCAC1114,,residential,1.4291098,103.8320252,410.8754966525976
SCAC1114,Nee Soon Central Green,residential,1.4267251,103.8335994,415.5141846548862
SCAC1114,,residential,1.4239771,103.8332133,434.12426336905645
SCAC1103,,residential,1.4307523,103.7783258,99.45085287117061
SCAC1103,Woodlands Vibes,residential,1.4321884,103.781335,271.3713790543058
SCAC1103,,residential,1.4340099,103.7771358,384.23651697394706
SCAC1103,6,residential,1.4293378,103.7820943,389.3001051137882
SCAC1103,,residential,1.4276583,103.7782558,402.6077584240309
SCAC1104,,residential,1.4307523,103.7783258,99.45085287117061
SCAC1104,Woodlands Vibes,residential,1.4321884,103.781335,271.3713790543058
SCAC1104,,residential,1.4340099,103.7771358,384.23651697394706
SCAC1104,6,residential,1.4293378,103.7820943,389.3001051137882
SCAC1104,,residential,1.4276583,103.7782558,402.6077584240309
SCAC1105,,residential,1.4307523,103.7783258,99.45085287117061
SCAC1105,Woodlands Vibes,residential,1.4321884,103.781335,271.3713790543058
SCAC1105,,residential,1.4340099,103.7771358,384.23651697394706
SCAC1105,6,residential,1.4293378,103.7820943,389.3001051137882
SCAC1105,,residential,1.4276583,103.7782558,402.6077584240309
SCAC1106,,residential,1.4307523,103.7783258,99.45085287117061
SCAC1106,Woodlands Vibes,residential,1.4321884,103.781335,271.3713790543058
SCAC1106,,residential,1.4340099,103.7771358,384.23651697394706
SCAC1106,6,residential,1.4293378,103.7820943,389.3001051137882
SCAC1106,,residential,1.4276583,103.7782558,402.6077584240309
SCAC1107,,residential,1.4307523,103.7783258,99.45085287117061
SCAC1107,Woodlands Vibes,residential,1.4321884,103.781335,271.3713790543058
SCAC1107,,residential,1.4340099,103.7771358,384.23651697394706
SCAC1107,6,residential,1.4293378,103.7820943,389.3001051137882
SCAC1107,,residential,1.4276583,103.7782558,402.6077584240309
SCAC1108,,residential,1.4307523,103.7783258,99.45085287117061
SCAC1108,Woodlands Vibes,residential,1.4321884,103.781335,271.3713790543058
SCAC1108,,residential,1.4340099,103.7771358,384.23651697394706
SCAC1108,6,residential,1.4293378,103.7820943,389.3001051137882
SCAC1108,,residential,1.4276583,103.7782558,402.6077584240309
wbac0055,The Sail @ Marina Bay,residential,1.2809726,103.8527658,840.3089686138679
wbac0055,Hiart,school,1.2899202,103.855961,867.4775876597342
wbac0055,Marina Bay Suites,residential,1.2802918,103.8522093,923.5446999282104
wbac0055,Citikids Academy,school,1.2817516,103.8474726,1400.0053153500044
wbac0055,The Clift,residential,1.2794324,103.8473532,1465.7861401026578
wbac0056,The Sail @ Marina Bay,residential,1.2809726,103.8527658,840.3089686138679
wbac0056,Hiart,school,1.2899202,103.855961,867.4775876597342
wbac0056,Marina Bay Suites,residential,1.2802918,103.8522093,923.5446999282104
wbac0056,Citikids Academy,school,1.2817516,103.8474726,1400.0053153500044
wbac0056,The Clift,residential,1.2794324,103.8473532,1465.7861401026578
DelDC0012,,residential,1.3840083,103.7711514,32.205377981550285
DelDC0012,Fajar Spring,residential,1.3844647,103.7714137,72.48747299835775
DelDC0012,,residential,1.3846921,103.7692886,250.77257061724308
DelDC0012,Fajar Hills,residential,1.3809322,103.7705568,332.902263069105
DelDC0012,Segar Meadows,residential,1.387619,103.7711887,423.5035923128131
SCAC0304,Affinity@Serangoon,residential,1.3659055,103.8736772,144.9690551645331
SCAC0304,Hwi Yoh Ville,residential,1.3673737,103.8714846,169.35495583173363
SCAC0304,Golden Ginger,residential,1.3678644,103.8731404,207.36578440419063
SCAC0304,The Garden Residences,residential,1.3657774,103.870473,217.93921860022553
SCAC0304,,residential,1.3649897,103.8742639,244.6018130575221
SCAC0305,Affinity@Serangoon,residential,1.3659055,103.8736772,144.9690551645331
SCAC0305,Hwi Yoh Ville,residential,1.3673737,103.8714846,169.35495583173363
SCAC0305,Golden Ginger,residential,1.3678644,103.8731404,207.36578440419063
SCAC0305,The Garden Residences,residential,1.3657774,103.870473,217.93921860022553
SCAC0305,,residential,1.3649897,103.8742639,244.6018130575221
SCAC0306,Affinity@Serangoon,residential,1.3659055,103.8736772,144.9690551645331
SCAC0306,Hwi Yoh Ville,residential,1.3673737,103.8714846,169.35495583173363
SCAC0306,Golden Ginger,residential,1.3678644,103.8731404,207.36578440419063
SCAC0306,The Garden Residences,residential,1.3657774,103.870473,217.93921860022553
SCAC0306,,residential,1.3649897,103.8742639,244.6018130575221
SCAC0831,Edelweiss @ Jurong,residential,1.3439205,103.7047875,105.35689480133738
SCAC0831,,residential,1.3444303,103.7016818,251.43839109877968
SCAC0831,,residential,1.3422445,103.7023417,293.96525037352876
SCAC0831,,residential,1.3421057,103.7064948,377.81053493410644
SCAC0831,Boon Lay Crest,residential,1.3455515,103.7074152,408.57274494824486
SCAC0832,Edelweiss @ Jurong,residential,1.3439205,103.7047875,105.35689480133738
SCAC0832,,residential,1.3444303,103.7016818,251.43839109877968
SCAC0832,,residential,1.3422445,103.7023417,293.96525037352876
SCAC0832,,residential,1.3421057,103.7064948,377.81053493410644
SCAC0832,Boon Lay Crest,residential,1.3455515,103.7074152,408.57274494824486
SCAC0833,Edelweiss @ Jurong,residential,1.3439205,103.7047875,105.35689480133738
SCAC0833,,residential,1.3444303,103.7016818,251.43839109877968
SCAC0833,,residential,1.3422445,103.7023417,293.96525037352876
SCAC0833,,residential,1.3421057,103.7064948,377.81053493410644
SCAC0833,Boon Lay Crest,residential,1.3455515,103.7074152,408.57274494824486
SCDC0035,Pepys Hill Condominium,residential,1.2777672,103.7935246,332.04045654502386
SCDC0035,Westpoint Condominium,residential,1.276776,103.7934621,345.0578047091897
SCDC0035,Fragrance Court,residential,1.2773049,103.7931013,377.43237830551976
SCDC0035,The Cassandra,residential,1.2765908,103.7930498,394.37798043634973
SCDC0035,West Sea Gardens,residential,1.2742542,103.7948305,399.80056984190503
SCDC0036,Pepys Hill Condominium,residential,1.2777672,103.7935246,332.04045654502386
SCDC0036,Westpoint Condominium,residential,1.276776,103.7934621,345.0578047091897
SCDC0036,Fragrance Court,residential,1.2773049,103.7931013,377.43237830551976
SCDC0036,The Cassandra,residential,1.2765908,103.7930498,394.37798043634973
SCDC0036,West Sea Gardens,residential,1.2742542,103.7948305,399.80056984190503
DelDC0011,Sunshine Court,residential,1.3769919,103.7380132,201.223990969335
DelDC0011,,residential,1.3785638,103.7355625,211.78086080328245
DelDC0011,,residential,1.375473,103.7377041,219.8048433243146
DelDC0011,,residential,1.378769,103.7377829,281.96798557342527
DelDC0011,Sunshine Gardens,residential,1.3761461,103.7400951,436.8308270877668
SCAC0828,,residential,1.3395574,103.6969134,133.11435516484968
SCAC0828,,residential,1.3390172,103.7000346,229.78623463214197
SCAC0828,,residential,1.3362008,103.6975077,314.3102305249068
SCAC0828,,residential,1.3421845,103.6991053,377.0726943041165
SCAC0828,,residential,1.3362263,103.7001398,390.8051600633313
SCAC0829,,residential,1.3395574,103.6969134,133.11435516484968
SCAC0829,,residential,1.3390172,103.7000346,229.78623463214197
SCAC0829,,residential,1.3362008,103.6975077,314.3102305249068
SCAC0829,,residential,1.3421845,103.6991053,377.0726943041165
SCAC0829,,residential,1.3362263,103.7001398,390.8051600633313
SCAC0830,,residential,1.3395574,103.6969134,133.11435516484968
SCAC0830,,residential,1.3390172,103.7000346,229.78623463214197
SCAC0830,,residential,1.3362008,103.6975077,314.3102305249068
SCAC0830,,residential,1.3421845,103.6991053,377.0726943041165
SCAC0830,,residential,1.3362263,103.7001398,390.8051600633313
SCAC0825,Jurong West Blossom,residential,1.3409536,103.7080866,65.98052235761978
SCAC0825,,residential,1.3421057,103.7064948,186.0274919325578
SCAC0825,Boon Lay Glade,residential,1.3417125,103.7101539,232.1544466295854
SCAC0825,,industrial,1.3388572,103.7105387,405.7431945508463
SCAC0825,Summerdale,residential,1.3423471,103.7119543,440.64195007364725
SCAC0826,Jurong West Blossom,residential,1.3409536,103.7080866,65.98052235761978
SCAC0826,,residential,1.3421057,103.7064948,186.0274919325578
SCAC0826,Boon Lay Glade,residential,1.3417125,103.7101539,232.1544466295854
SCAC0826,,industrial,1.3388572,103.7105387,405.7431945508463
SCAC0826,Summerdale,residential,1.3423471,103.7119543,440.64195007364725
SCAC0827,Jurong West Blossom,residential,1.3409536,103.7080866,65.98052235761978
SCAC0827,,residential,1.3421057,103.7064948,186.0274919325578
SCAC0827,Boon Lay Glade,residential,1.3417125,103.7101539,232.1544466295854
SCAC0827,,industrial,1.3388572,103.7105387,405.7431945508463
SCAC0827,Summerdale,residential,1.3423471,103.7119543,440.64195007364725
SCAC0870,,residential,1.2947382,103.7663154,522.1009207773495
SCAC0870,,residential,1.2943444,103.7664553,529.7182613348742
SCAC0870,The Sorrento,residential,1.2956928,103.7660978,532.9352893633236
SCAC0870,,residential,1.293874,103.7665481,535.648246974986
SCAC0870,Blue Horizon,residential,1.2972616,103.7651692,549.3291246805296
SCAC0871,,residential,1.2947382,103.7663154,522.1009207773495
SCAC0871,,residential,1.2943444,103.7664553,529.7182613348742
SCAC0871,The Sorrento,residential,1.2956928,103.7660978,532.9352893633236
SCAC0871,,residential,1.293874,103.7665481,535.648246974986
SCAC0871,Blue Horizon,residential,1.2972616,103.7651692,549.3291246805296
SCDC0033,,residential,1.2947382,103.7663154,522.1009207773495
SCDC0033,,residential,1.2943444,103.7664553,529.7182613348742
SCDC0033,The Sorrento,residential,1.2956928,103.7660978,532.9352893633236
SCDC0033,,residential,1.293874,103.7665481,535.648246974986
SCDC0033,Blue Horizon,residential,1.2972616,103.7651692,549.3291246805296
SCDC0034,,residential,1.2947382,103.7663154,522.1009207773495
SCDC0034,,residential,1.2943444,103.7664553,529.7182613348742
SCDC0034,The Sorrento,residential,1.2956928,103.7660978,532.9352893633236
SCDC0034,,residential,1.293874,103.7665481,535.648246974986
SCDC0034,Blue Horizon,residential,1.2972616,103.7651692,549.3291246805296
DelDC0006,Rivervale Gardens,residential,1.3851867,103.9036648,91.32168996936393
DelDC0006,Rivervale Grove,residential,1.3872219,103.9027558,164.04090485080917
DelDC0006,Rivervale Bank,residential,1.3868905,103.9056352,247.84878626908267
DelDC0006,,residential,1.3841307,103.9013222,326.9937448413285
DelDC0006,Compassvale Court,residential,1.3874842,103.9008491,346.2041213133008
DelDC0005,,residential,1.3313647,103.7997915,172.4749399051094
DelDC0005,Fourth Avenue Residences,residential,1.3298835,103.7967437,248.79301352019226
DelDC0005,Fifth Avenue Condominium,residential,1.329973,103.7956316,371.85568206506355
DelDC0005,Sixth Avenue Ville3,residential,1.3295943,103.7954287,397.49910539468107
DelDC0005,Orchid Apartments,residential,1.3340574,103.7988328,446.4198015751485
DelDC0004,One Jervois,residential,1.2927064,103.8248527,93.52011909382071
DelDC0004,Domain 21,residential,1.2918954,103.8252715,93.93856721891481
DelDC0004,Sheares Ville,residential,1.2935156,103.8253816,104.38065819468096
DelDC0004,Holt Residences,residential,1.2940636,103.8261656,168.02912007446764
DelDC0004,Jervois Mansions,residential,1.2929622,103.8241527,174.90765071109342
SCDC0027,,industrial,1.3776382,103.8733862,264.66589310676994
SCDC0027,Buangkok Vale,residential,1.3798674,103.8778339,309.5669539137274
SCDC0027,,residential,1.3770443,103.8789098,370.1050648596747
SCDC0027,Luxus Hills,residential,1.3807131,103.8730312,422.5389973853637
SCDC0027,,residential,1.3741263,103.8779301,499.05014068086143
SCAC0364,Pandan Gardens,residential,1.31961,103.7485756,21.957862809193536
SCAC0364,,industrial,1.3220713,103.7475143,302.10671104492394
SCAC0364,Twin Vew,residential,1.3198253,103.7524344,449.0068509478535
SCAC0364,Parc Riviera,residential,1.3207908,103.7528793,517.1927892506804
SCAC0364,Whister Grand,residential,1.3195018,103.7537466,593.4679655387539
SCAC0365,Pandan Gardens,residential,1.31961,103.7485756,21.957862809193536
SCAC0365,,industrial,1.3220713,103.7475143,302.10671104492394
SCAC0365,Twin Vew,residential,1.3198253,103.7524344,449.0068509478535
SCAC0365,Parc Riviera,residential,1.3207908,103.7528793,517.1927892506804
SCAC0365,Whister Grand,residential,1.3195018,103.7537466,593.4679655387539
SCAC0366,Pandan Gardens,residential,1.31961,103.7485756,21.957862809193536
SCAC0366,,industrial,1.3220713,103.7475143,302.10671104492394
SCAC0366,Twin Vew,residential,1.3198253,103.7524344,449.0068509478535
SCAC0366,Parc Riviera,residential,1.3207908,103.7528793,517.1927892506804
SCAC0366,Whister Grand,residential,1.3195018,103.7537466,593.4679655387539
SCAC0316,Nee Soon Central Meadows,residential,1.4199449,103.8363723,278.93156940434164
SCAC0316,,residential,1.4204707,103.8384858,300.66802442786735
SCAC0316,Nee Soon Central View,residential,1.4227232,103.8398768,362.04493664232604
SCAC0316,,residential,1.4239771,103.8332133,416.7162526721889
SCAC0316,Khatib Vale,residential,1.4206511,103.8331104,439.11786447320355
SCAC0317,Nee Soon Central Meadows,residential,1.4199449,103.8363723,278.93156940434164
SCAC0317,,residential,1.4204707,103.8384858,300.66802442786735
SCAC0317,Nee Soon Central View,residential,1.4227232,103.8398768,362.04493664232604
SCAC0317,,residential,1.4239771,103.8332133,416.7162526721889
SCAC0317,Khatib Vale,residential,1.4206511,103.8331104,439.11786447320355
SCAC0318,Nee Soon Central Meadows,residential,1.4199449,103.8363723,278.93156940434164
SCAC0318,,residential,1.4204707,103.8384858,300.66802442786735
SCAC0318,Nee Soon Central View,residential,1.4227232,103.8398768,362.04493664232604
SCAC0318,,residential,1.4239771,103.8332133,416.7162526721889
SCAC0318,Khatib Vale,residential,1.4206511,103.8331104,439.11786447320355
SCAC0400,Yio Chu Kang Beacon,residential,1.3831659,103.8416985,21.10933021394803
SCAC0400,Yio Chu Kang Heights,residential,1.3815494,103.8421872,167.61433655065102
SCAC0400,Nuovo,residential,1.3848747,103.8422221,212.883769175094
SCAC0400,Yio Chu Kang View,residential,1.3818634,103.839857,250.8320809848207
SCAC0400,Seasons Park,residential,1.3851985,103.8396824,338.9905582450368
SCAC0401,Yio Chu Kang Beacon,residential,1.3831659,103.8416985,21.10933021394803
SCAC0401,Yio Chu Kang Heights,residential,1.3815494,103.8421872,167.61433655065102
SCAC0401,Nuovo,residential,1.3848747,103.8422221,212.883769175094
SCAC0401,Yio Chu Kang View,residential,1.3818634,103.839857,250.8320809848207
SCAC0401,Seasons Park,residential,1.3851985,103.8396824,338.9905582450368
SCAC0402,Yio Chu Kang Beacon,residential,1.3831659,103.8416985,21.10933021394803
SCAC0402,Yio Chu Kang Heights,residential,1.3815494,103.8421872,167.61433655065102
SCAC0402,Nuovo,residential,1.3848747,103.8422221,212.883769175094
SCAC0402,Yio Chu Kang View,residential,1.3818634,103.839857,250.8320809848207
SCAC0402,Seasons Park,residential,1.3851985,103.8396824,338.9905582450368
scdc0032,Mattar Residences,residential,1.3255816,103.8818828,185.70351193309753
scdc0032,Grace Apartments,residential,1.3255159,103.8822033,206.73103374266617
scdc0032,,residential,1.3259104,103.8818685,213.18085074551746
scdc0032,The Antares,residential,1.3255488,103.8832969,312.43750388450974
scdc0032,,residential,1.3225761,103.883305,345.2730555310102
scac0256,Sky Vista @ Bukit Batok,residential,1.349639,103.7454236,65.39494041004883
scac0256,,residential,1.350492,103.7438727,133.86514985636177
scac0256,,residential,1.3492745,103.7462229,162.6042910865823
scac0256,,residential,1.3512543,103.7467574,266.03859958918036
scac0256,West Terra @ Bukit Batok,residential,1.3523381,103.7432796,332.36320002814614
scac0257,Sky Vista @ Bukit Batok,residential,1.349639,103.7454236,65.39494041004883
scac0257,,residential,1.350492,103.7438727,133.86514985636177
scac0257,,residential,1.3492745,103.7462229,162.6042910865823
scac0257,,residential,1.3512543,103.7467574,266.03859958918036
scac0257,West Terra @ Bukit Batok,residential,1.3523381,103.7432796,332.36320002814614
scac0258,Sky Vista @ Bukit Batok,residential,1.349639,103.7454236,65.39494041004883
scac0258,,residential,1.350492,103.7438727,133.86514985636177
scac0258,,residential,1.3492745,103.7462229,162.6042910865823
scac0258,,residential,1.3512543,103.7467574,266.03859958918036
scac0258,West Terra @ Bukit Batok,residential,1.3523381,103.7432796,332.36320002814614
scac0373,,residential,1.3141654,103.7700905,133.59014240772478
scac0373,Clementi Shine,residential,1.3150261,103.7677705,170.52063351593733
scac0373,,residential,1.3186671,103.7692737,399.6040049132307
scac0373,,residential,1.3185043,103.767336,439.7500997105179
scac0373,West Coast Court,residential,1.3112602,103.7704858,443.91548585346294
scac0374,,residential,1.3141654,103.7700905,133.59014240772478
scac0374,Clementi Shine,residential,1.3150261,103.7677705,170.52063351593733
scac0374,,residential,1.3186671,103.7692737,399.6040049132307
scac0374,,residential,1.3185043,103.767336,439.7500997105179
scac0374,West Coast Court,residential,1.3112602,103.7704858,443.91548585346294
scac0375,,residential,1.3141654,103.7700905,133.59014240772478
scac0375,Clementi Shine,residential,1.3150261,103.7677705,170.52063351593733
scac0375,,residential,1.3186671,103.7692737,399.6040049132307
scac0375,,residential,1.3185043,103.767336,439.7500997105179
scac0375,West Coast Court,residential,1.3112602,103.7704858,443.91548585346294
scac0265,,residential,1.2972997,103.8431811,245.02281073870057
scac0265,,residential,1.2985239,103.8428306,288.41846414850073
scac0265,Haus On Handy,residential,1.300216,103.8466028,302.8233179851396
scac0265,PSB Academy Cathay Campus,school,1.2993145,103.8477978,321.7401489510489
scac0265,Oxley Garden,residential,1.2980306,103.842292,338.06343877738595
scdc0029,,residential,1.2972997,103.8431811,245.02281073870057
scdc0029,,residential,1.2985239,103.8428306,288.41846414850073
scdc0029,Haus On Handy,residential,1.300216,103.8466028,302.8233179851396
scdc0029,PSB Academy Cathay Campus,school,1.2993145,103.8477978,321.7401489510489
scdc0029,Oxley Garden,residential,1.2980306,103.842292,338.06343877738595
scdc0030,,residential,1.2972997,103.8431811,245.02281073870057
scdc0030,,residential,1.2985239,103.8428306,288.41846414850073
scdc0030,Haus On Handy,residential,1.300216,103.8466028,302.8233179851396
scdc0030,PSB Academy Cathay Campus,school,1.2993145,103.8477978,321.7401489510489
scdc0030,Oxley Garden,residential,1.2980306,103.842292,338.06343877738595
scdc0031,,residential,1.2972997,103.8431811,245.02281073870057
scdc0031,,residential,1.2985239,103.8428306,288.41846414850073
scdc0031,Haus On Handy,residential,1.300216,103.8466028,302.8233179851396
scdc0031,PSB Academy Cathay Campus,school,1.2993145,103.8477978,321.7401489510489
scdc0031,Oxley Garden,residential,1.2980306,103.842292,338.06343877738595
scac0250,,residential,1.3472043,103.7181894,108.94849194196598
scac0250,Golden Peony,residential,1.3480979,103.7154627,236.8882417644923
scac0250,Westwood Court,residential,1.3474003,103.7198801,262.56242723562866
scac0250,Parc Vista,residential,1.3442911,103.7175592,410.1793896053717
scac0250,Boon Lay Place,residential,1.3475922,103.713689,435.8321262876773
scac0251,,residential,1.3472043,103.7181894,108.94849194196598
scac0251,Golden Peony,residential,1.3480979,103.7154627,236.8882417644923
scac0251,Westwood Court,residential,1.3474003,103.7198801,262.56242723562866
scac0251,Parc Vista,residential,1.3442911,103.7175592,410.1793896053717
scac0251,Boon Lay Place,residential,1.3475922,103.713689,435.8321262876773
scac0252,,residential,1.3472043,103.7181894,108.94849194196598
scac0252,Golden Peony,residential,1.3480979,103.7154627,236.8882417644923
scac0252,Westwood Court,residential,1.3474003,103.7198801,262.56242723562866
scac0252,Parc Vista,residential,1.3442911,103.7175592,410.1793896053717
scac0252,Boon Lay Place,residential,1.3475922,103.713689,435.8321262876773
scac0241,Chong Pang View,residential,1.4328961,103.8314307,220.5678127956968
scac0241,,residential,1.4342275,103.8281033,308.82048189630353
scac0241,,residential,1.4291098,103.8320252,408.62835203803996
scac0241,Chong Pang Vista,residential,1.4319841,103.8335691,431.3883212978297
scac0241,Chong Pang Green,residential,1.4280623,103.8282198,461.75090265288685
scac0242,Chong Pang View,residential,1.4328961,103.8314307,220.5678127956968
scac0242,,residential,1.4342275,103.8281033,308.82048189630353
scac0242,,residential,1.4291098,103.8320252,408.62835203803996
scac0242,Chong Pang Vista,residential,1.4319841,103.8335691,431.3883212978297
scac0242,Chong Pang Green,residential,1.4280623,103.8282198,461.75090265288685
scac0243,Chong Pang View,residential,1.4328961,103.8314307,220.5678127956968
scac0243,,residential,1.4342275,103.8281033,308.82048189630353
scac0243,,residential,1.4291098,103.8320252,408.62835203803996
scac0243,Chong Pang Vista,residential,1.4319841,103.8335691,431.3883212978297
scac0243,Chong Pang Green,residential,1.4280623,103.8282198,461.75090265288685
scac0208,,residential,1.4141489,103.8368439,112.64085703263167
scac0208,Khatib Evergreen,residential,1.4163202,103.8367329,129.77271889085333
scac0208,Orchid Park Condominium,residential,1.4129606,103.8359039,267.3671648582896
scac0208,Khatib Evergreen,residential,1.4172049,103.8391082,336.7349766802228
scac0208,Angsana Breeze,residential,1.4148013,103.8400136,351.45754137358284
scac0209,,residential,1.4141489,103.8368439,112.64085703263167
scac0209,Khatib Evergreen,residential,1.4163202,103.8367329,129.77271889085333
scac0209,Orchid Park Condominium,residential,1.4129606,103.8359039,267.3671648582896
scac0209,Khatib Evergreen,residential,1.4172049,103.8391082,336.7349766802228
scac0209,Angsana Breeze,residential,1.4148013,103.8400136,351.45754137358284
scac0210,,residential,1.4141489,103.8368439,112.64085703263167
scac0210,Khatib Evergreen,residential,1.4163202,103.8367329,129.77271889085333
scac0210,Orchid Park Condominium,residential,1.4129606,103.8359039,267.3671648582896
scac0210,Khatib Evergreen,residential,1.4172049,103.8391082,336.7349766802228
scac0210,Angsana Breeze,residential,1.4148013,103.8400136,351.45754137358284
170001681,,residential,47.0838286,2.4479115,831.3154022901259
170001681,,residential,47.0834532,2.4494155,923.7173486148815
170001681,,residential,47.0851203,2.451644,1147.7485976925052
170001681,,residential,47.0842626,2.4532061,1224.5020423180754
170001681,,industrial,47.0761785,2.4221998,1293.432177529759
scac0244,,residential,1.3840882,103.7405944,101.58954576021642
scac0244,,residential,1.3812065,103.7406665,225.84994166324373
scac0244,Choa Chu Kang Town Centre,residential,1.3849019,103.7428944,290.2505820637903
scac0244,,residential,1.3827955,103.743643,309.34841873004154
scac0244,,residential,1.3794973,103.7421619,437.8158907335999
scac0245,,residential,1.3840882,103.7405944,101.58954576021642
scac0245,,residential,1.3812065,103.7406665,225.84994166324373
scac0245,Choa Chu Kang Town Centre,residential,1.3849019,103.7428944,290.2505820637903
scac0245,,residential,1.3827955,103.743643,309.34841873004154
scac0245,,residential,1.3794973,103.7421619,437.8158907335999
scac0246,,residential,1.3840882,103.7405944,101.58954576021642
scac0246,,residential,1.3812065,103.7406665,225.84994166324373
scac0246,Choa Chu Kang Town Centre,residential,1.3849019,103.7428944,290.2505820637903
scac0246,,residential,1.3827955,103.743643,309.34841873004154
scac0246,,residential,1.3794973,103.7421619,437.8158907335999
scac0217,Golden Ginger,residential,1.3678644,103.8731404,206.77206912256233
scac0217,Hwi Yoh Court,residential,1.3706124,103.8705287,219.41033319596346
scac0217,Hwi Yoh Ville,residential,1.3673737,103.8714846,233.95778140125472
scac0217,,residential,1.3679655,103.8749916,360.476100330908
scac0217,,residential,1.3724081,103.8707844,364.98445769256284
scac0218,Golden Ginger,residential,1.3678644,103.8731404,206.77206912256233
scac0218,Hwi Yoh Court,residential,1.3706124,103.8705287,219.41033319596346
scac0218,Hwi Yoh Ville,residential,1.3673737,103.8714846,233.95778140125472
scac0218,,residential,1.3679655,103.8749916,360.476100330908
scac0218,,residential,1.3724081,103.8707844,364.98445769256284
scac0219,Golden Ginger,residential,1.3678644,103.8731404,206.77206912256233
scac0219,Hwi Yoh Court,residential,1.3706124,103.8705287,219.41033319596346
scac0219,Hwi Yoh Ville,residential,1.3673737,103.8714846,233.95778140125472
scac0219,,residential,1.3679655,103.8749916,360.476100330908
scac0219,,residential,1.3724081,103.8707844,364.98445769256284
scac0262,Golden Ginger,residential,1.3678644,103.8731404,206.77206912256233
scac0262,Hwi Yoh Court,residential,1.3706124,103.8705287,219.41033319596346
scac0262,Hwi Yoh Ville,residential,1.3673737,103.8714846,233.95778140125472
scac0262,,residential,1.3679655,103.8749916,360.476100330908
scac0262,,residential,1.3724081,103.8707844,364.98445769256284
scac0263,Golden Ginger,residential,1.3678644,103.8731404,206.77206912256233
scac0263,Hwi Yoh Court,residential,1.3706124,103.8705287,219.41033319596346
scac0263,Hwi Yoh Ville,residential,1.3673737,103.8714846,233.95778140125472
scac0263,,residential,1.3679655,103.8749916,360.476100330908
scac0263,,residential,1.3724081,103.8707844,364.98445769256284
scac0264,Golden Ginger,residential,1.3678644,103.8731404,206.77206912256233
scac0264,Hwi Yoh Court,residential,1.3706124,103.8705287,219.41033319596346
scac0264,Hwi Yoh Ville,residential,1.3673737,103.8714846,233.95778140125472
scac0264,,residential,1.3679655,103.8749916,360.476100330908
scac0264,,residential,1.3724081,103.8707844,364.98445769256284
scac0214,,residential,1.3500195,103.8698334,56.1544803280551
scac0214,,residential,1.3508317,103.8685397,114.16647356645322
scac0214,,residential,1.3502301,103.870443,118.30559965421733
scac0214,The Sunnydale,residential,1.3487499,103.867496,266.92512235452267
scac0214,Sunglade,residential,1.3485828,103.8712114,274.6734786834714
scac0215,,residential,1.3500195,103.8698334,56.1544803280551
scac0215,,residential,1.3508317,103.8685397,114.16647356645322
scac0215,,residential,1.3502301,103.870443,118.30559965421733
scac0215,The Sunnydale,residential,1.3487499,103.867496,266.92512235452267
scac0215,Sunglade,residential,1.3485828,103.8712114,274.6734786834714
scac0216,,residential,1.3500195,103.8698334,56.1544803280551
scac0216,,residential,1.3508317,103.8685397,114.16647356645322
scac0216,,residential,1.3502301,103.870443,118.30559965421733
scac0216,The Sunnydale,residential,1.3487499,103.867496,266.92512235452267
scac0216,Sunglade,residential,1.3485828,103.8712114,274.6734786834714
scac0211,La Casa,residential,1.4322964,103.7978093,80.80568387492282
scac0211,Forestville,residential,1.4320859,103.7992678,126.92466571576071
scac0211,Woodlands Glen,residential,1.4304464,103.7977696,145.58839106275
scac0211,Twin Fountains EC,residential,1.431261,103.7997188,175.3000801581755
scac0211,,residential,1.4307165,103.7962957,237.35160154215922
scac0212,La Casa,residential,1.4322964,103.7978093,80.80568387492282
scac0212,Forestville,residential,1.4320859,103.7992678,126.92466571576071
scac0212,Woodlands Glen,residential,1.4304464,103.7977696,145.58839106275
scac0212,Twin Fountains EC,residential,1.431261,103.7997188,175.3000801581755
scac0212,,residential,1.4307165,103.7962957,237.35160154215922
scac0213,La Casa,residential,1.4322964,103.7978093,80.80568387492282
scac0213,Forestville,residential,1.4320859,103.7992678,126.92466571576071
scac0213,Woodlands Glen,residential,1.4304464,103.7977696,145.58839106275
scac0213,Twin Fountains EC,residential,1.431261,103.7997188,175.3000801581755
scac0213,,residential,1.4307165,103.7962957,237.35160154215922
scac0196,,residential,1.3462552,103.7420048,134.90201263882577
scac0196,,residential,1.3479336,103.7421058,154.4803329985644
scac0196,Yuhua Village,residential,1.3436732,103.7395651,407.3722091642984
scac0196,,residential,1.3461018,103.745279,479.83432259952053
scac0196,West Crest @ Bukit Batok,residential,1.350655,103.7386836,483.13363917823824
scac0197,,residential,1.3462552,103.7420048,134.90201263882577
scac0197,,residential,1.3479336,103.7421058,154.4803329985644
scac0197,Yuhua Village,residential,1.3436732,103.7395651,407.3722091642984
scac0197,,residential,1.3461018,103.745279,479.83432259952053
scac0197,West Crest @ Bukit Batok,residential,1.350655,103.7386836,483.13363917823824
scac0198,,residential,1.3462552,103.7420048,134.90201263882577
scac0198,,residential,1.3479336,103.7421058,154.4803329985644
scac0198,Yuhua Village,residential,1.3436732,103.7395651,407.3722091642984
scac0198,,residential,1.3461018,103.745279,479.83432259952053
scac0198,West Crest @ Bukit Batok,residential,1.350655,103.7386836,483.13363917823824
wbac0073,Fairmount Condo,residential,1.3207943,103.9560958,83.32805890717157
wbac0073,,residential,1.3209854,103.9549781,90.14279752037649
wbac0073,,residential,1.3205099,103.9565703,121.50321496786532
wbac0073,,residential,1.3206095,103.9567479,142.84836300341206
wbac0073,Country Park Condominium,residential,1.3210971,103.9542493,160.5437841538295
wbac0074,Fairmount Condo,residential,1.3207943,103.9560958,83.32805890717157
wbac0074,,residential,1.3209854,103.9549781,90.14279752037649
wbac0074,,residential,1.3205099,103.9565703,121.50321496786532
wbac0074,,residential,1.3206095,103.9567479,142.84836300341206
wbac0074,Country Park Condominium,residential,1.3210971,103.9542493,160.5437841538295
wbac0075,Fairmount Condo,residential,1.3207943,103.9560958,83.32805890717157
wbac0075,,residential,1.3209854,103.9549781,90.14279752037649
wbac0075,,residential,1.3205099,103.9565703,121.50321496786532
wbac0075,,residential,1.3206095,103.9567479,142.84836300341206
wbac0075,Country Park Condominium,residential,1.3210971,103.9542493,160.5437841538295
wbac0076,Fairmount Condo,residential,1.3207943,103.9560958,83.32805890717157
wbac0076,,residential,1.3209854,103.9549781,90.14279752037649
wbac0076,,residential,1.3205099,103.9565703,121.50321496786532
wbac0076,,residential,1.3206095,103.9567479,142.84836300341206
wbac0076,Country Park Condominium,residential,1.3210971,103.9542493,160.5437841538295
scac0139,,residential,1.363558,103.7477584,76.5332768795483
scac0139,,residential,1.3636306,103.7454782,194.7765203935073
scac0139,,residential,1.360484,103.7474459,387.42978514609274
scac0139,,residential,1.3616672,103.7499079,394.5077027403385
scac0139,Goodview Gardens,residential,1.3643938,103.752511,592.4492815246356
scac0140,,residential,1.363558,103.7477584,76.5332768795483
scac0140,,residential,1.3636306,103.7454782,194.7765203935073
scac0140,,residential,1.360484,103.7474459,387.42978514609274
scac0140,,residential,1.3616672,103.7499079,394.5077027403385
scac0140,Goodview Gardens,residential,1.3643938,103.752511,592.4492815246356
scac0141,,residential,1.363558,103.7477584,76.5332768795483
scac0141,,residential,1.3636306,103.7454782,194.7765203935073
scac0141,,residential,1.360484,103.7474459,387.42978514609274
scac0141,,residential,1.3616672,103.7499079,394.5077027403385
scac0141,Goodview Gardens,residential,1.3643938,103.752511,592.4492815246356
scac0145,Hong Kah Ville,residential,1.3500746,103.7215963,216.19774760283966
scac0145,,residential,1.3518293,103.7189144,243.6494455319095
scac0145,,residential,1.3485236,103.7216071,255.88641209053466
scac0145,Westwood Court,residential,1.3474003,103.7198801,264.9503739315838
scac0145,,residential,1.3472043,103.7181894,330.03690504002515
scac0146,Hong Kah Ville,residential,1.3500746,103.7215963,216.19774760283966
scac0146,,residential,1.3518293,103.7189144,243.6494455319095
scac0146,,residential,1.3485236,103.7216071,255.88641209053466
scac0146,Westwood Court,residential,1.3474003,103.7198801,264.9503739315838
scac0146,,residential,1.3472043,103.7181894,330.03690504002515
scac0147,Hong Kah Ville,residential,1.3500746,103.7215963,216.19774760283966
scac0147,,residential,1.3518293,103.7189144,243.6494455319095
scac0147,,residential,1.3485236,103.7216071,255.88641209053466
scac0147,Westwood Court,residential,1.3474003,103.7198801,264.9503739315838
scac0147,,residential,1.3472043,103.7181894,330.03690504002515
scac0169,,residential,1.372624,103.8742659,201.2368500343855
scac0169,,residential,1.3741263,103.8779301,269.37171916483504
scac0169,Hundred Palms Residences,residential,1.3731304,103.8778323,272.7230091144616
scac0169,,residential,1.3742052,103.8726166,323.5433807810454
scac0169,,industrial,1.3776382,103.8733862,474.96225522434065
scac0170,,residential,1.372624,103.8742659,201.2368500343855
scac0170,,residential,1.3741263,103.8779301,269.37171916483504
scac0170,Hundred Palms Residences,residential,1.3731304,103.8778323,272.7230091144616
scac0170,,residential,1.3742052,103.8726166,323.5433807810454
scac0170,,industrial,1.3776382,103.8733862,474.96225522434065
scac0171,,residential,1.372624,103.8742659,201.2368500343855
scac0171,,residential,1.3741263,103.8779301,269.37171916483504
scac0171,Hundred Palms Residences,residential,1.3731304,103.8778323,272.7230091144616
scac0171,,residential,1.3742052,103.8726166,323.5433807810454
scac0171,,industrial,1.3776382,103.8733862,474.96225522434065
scac0184,,residential,1.353344,103.7255512,105.11456297306205
scac0184,,residential,1.3517339,103.7242441,157.65463392549717
scac0184,,residential,1.3507595,103.7269354,242.68103639806867
scac0184,Jurongville,residential,1.3489597,103.726772,408.0301549476251
scac0184,Hong Kah Court,residential,1.3541283,103.7220995,423.63782997720557
scac0185,,residential,1.353344,103.7255512,105.11456297306205
scac0185,,residential,1.3517339,103.7242441,157.65463392549717
scac0185,,residential,1.3507595,103.7269354,242.68103639806867
scac0185,Jurongville,residential,1.3489597,103.726772,408.0301549476251
scac0185,Hong Kah Court,residential,1.3541283,103.7220995,423.63782997720557
scac0186,,residential,1.353344,103.7255512,105.11456297306205
scac0186,,residential,1.3517339,103.7242441,157.65463392549717
scac0186,,residential,1.3507595,103.7269354,242.68103639806867
scac0186,Jurongville,residential,1.3489597,103.726772,408.0301549476251
scac0186,Hong Kah Court,residential,1.3541283,103.7220995,423.63782997720557
scac0127,Gabriel Villas,residential,1.3471843,103.8770167,76.77424138659097
scac0127,,residential,1.3467271,103.8769126,109.82423855803255
scac0127,Jade Residences,residential,1.3487512,103.877635,180.71365398082614
scac0127,,residential,1.3491467,103.8755233,200.7274531767591
scac0127,Bartley Neighbourhood,residential,1.3458665,103.8772495,212.39057982660952
scac0128,Gabriel Villas,residential,1.3471843,103.8770167,76.77424138659097
scac0128,,residential,1.3467271,103.8769126,109.82423855803255
scac0128,Jade Residences,residential,1.3487512,103.877635,180.71365398082614
scac0128,,residential,1.3491467,103.8755233,200.7274531767591
scac0128,Bartley Neighbourhood,residential,1.3458665,103.8772495,212.39057982660952
scac0129,Gabriel Villas,residential,1.3471843,103.8770167,76.77424138659097
scac0129,,residential,1.3467271,103.8769126,109.82423855803255
scac0129,Jade Residences,residential,1.3487512,103.877635,180.71365398082614
scac0129,,residential,1.3491467,103.8755233,200.7274531767591
scac0129,Bartley Neighbourhood,residential,1.3458665,103.8772495,212.39057982660952
scac0130,Gabriel Villas,residential,1.3471843,103.8770167,76.77424138659097
scac0130,,residential,1.3467271,103.8769126,109.82423855803255
scac0130,Jade Residences,residential,1.3487512,103.877635,180.71365398082614
scac0130,,residential,1.3491467,103.8755233,200.7274531767591
scac0130,Bartley Neighbourhood,residential,1.3458665,103.8772495,212.39057982660952
scac0131,Gabriel Villas,residential,1.3471843,103.8770167,76.77424138659097
scac0131,,residential,1.3467271,103.8769126,109.82423855803255
scac0131,Jade Residences,residential,1.3487512,103.877635,180.71365398082614
scac0131,,residential,1.3491467,103.8755233,200.7274531767591
scac0131,Bartley Neighbourhood,residential,1.3458665,103.8772495,212.39057982660952
scac0132,Gabriel Villas,residential,1.3471843,103.8770167,76.77424138659097
scac0132,,residential,1.3467271,103.8769126,109.82423855803255
scac0132,Jade Residences,residential,1.3487512,103.877635,180.71365398082614
scac0132,,residential,1.3491467,103.8755233,200.7274531767591
scac0132,Bartley Neighbourhood,residential,1.3458665,103.8772495,212.39057982660952
scac0148,,residential,1.3485236,103.7216071,95.85208158198387
scac0148,Hong Kah Ville,residential,1.3500746,103.7215963,98.3612725806797
scac0148,Westwood Court,residential,1.3474003,103.7198801,255.7125043418023
scac0148,,residential,1.3518293,103.7189144,380.38689995823694
scac0148,The Lakeshore,residential,1.3459686,103.7226993,404.53079254753635
scac0149,,residential,1.3485236,103.7216071,95.85208158198387
scac0149,Hong Kah Ville,residential,1.3500746,103.7215963,98.3612725806797
scac0149,Westwood Court,residential,1.3474003,103.7198801,255.7125043418023
scac0149,,residential,1.3518293,103.7189144,380.38689995823694
scac0149,The Lakeshore,residential,1.3459686,103.7226993,404.53079254753635
scac0150,,residential,1.3485236,103.7216071,95.85208158198387
scac0150,Hong Kah Ville,residential,1.3500746,103.7215963,98.3612725806797
scac0150,Westwood Court,residential,1.3474003,103.7198801,255.7125043418023
scac0150,,residential,1.3518293,103.7189144,380.38689995823694
scac0150,The Lakeshore,residential,1.3459686,103.7226993,404.53079254753635
scac0154,,residential,1.3410908,103.6932326,231.39412780432272
scac0154,Nanyang Ruby,residential,1.3436805,103.6899996,238.40903961544586
scac0154,Nanyang Emerald,residential,1.3404583,103.6886026,355.30622901966126
scac0154,,residential,1.3399312,103.693922,367.1719046754656
scac0154,,residential,1.3417059,103.6948298,385.2859946212128
scac0155,,residential,1.3410908,103.6932326,231.39412780432272
scac0155,Nanyang Ruby,residential,1.3436805,103.6899996,238.40903961544586
scac0155,Nanyang Emerald,residential,1.3404583,103.6886026,355.30622901966126
scac0155,,residential,1.3399312,103.693922,367.1719046754656
scac0155,,residential,1.3417059,103.6948298,385.2859946212128
scac0156,,residential,1.3410908,103.6932326,231.39412780432272
scac0156,Nanyang Ruby,residential,1.3436805,103.6899996,238.40903961544586
scac0156,Nanyang Emerald,residential,1.3404583,103.6886026,355.30622901966126
scac0156,,residential,1.3399312,103.693922,367.1719046754656
scac0156,,residential,1.3417059,103.6948298,385.2859946212128
scac0112,Yishun Natura,residential,1.43039,103.8446036,101.0482261050385
scac0112,Yishun Riverwalk,residential,1.4322588,103.8454574,220.58631962012515
scac0112,Yishun Glen,residential,1.4307562,103.847513,229.47470829615378
scac0112,,residential,1.4274394,103.8445473,332.86894094438134
scac0112,,residential,1.4277773,103.8478647,382.03731287992593
scac0113,Yishun Natura,residential,1.43039,103.8446036,101.0482261050385
scac0113,Yishun Riverwalk,residential,1.4322588,103.8454574,220.58631962012515
scac0113,Yishun Glen,residential,1.4307562,103.847513,229.47470829615378
scac0113,,residential,1.4274394,103.8445473,332.86894094438134
scac0113,,residential,1.4277773,103.8478647,382.03731287992593
scac0114,Yishun Natura,residential,1.43039,103.8446036,101.0482261050385
scac0114,Yishun Riverwalk,residential,1.4322588,103.8454574,220.58631962012515
scac0114,Yishun Glen,residential,1.4307562,103.847513,229.47470829615378
scac0114,,residential,1.4274394,103.8445473,332.86894094438134
scac0114,,residential,1.4277773,103.8478647,382.03731287992593
scac0007,,residential,1.4385728,103.8386413,114.83971255230024
scac0007,,residential,1.4366929,103.8410911,230.15647841403847
scac0007,,industrial,1.43869,103.8424993,336.11857133051836
scac0007,Yishun Sunshine,residential,1.4348323,103.8405143,375.39218548070295
scac0007,Yishun Hearts,residential,1.4336353,103.8384316,507.7605979433417
scac0008,,residential,1.4385728,103.8386413,114.83971255230024
scac0008,,residential,1.4366929,103.8410911,230.15647841403847
scac0008,,industrial,1.43869,103.8424993,336.11857133051836
scac0008,Yishun Sunshine,residential,1.4348323,103.8405143,375.39218548070295
scac0008,Yishun Hearts,residential,1.4336353,103.8384316,507.7605979433417
scac0009,,residential,1.4385728,103.8386413,114.83971255230024
scac0009,,residential,1.4366929,103.8410911,230.15647841403847
scac0009,,industrial,1.43869,103.8424993,336.11857133051836
scac0009,Yishun Sunshine,residential,1.4348323,103.8405143,375.39218548070295
scac0009,Yishun Hearts,residential,1.4336353,103.8384316,507.7605979433417
scac0094,,residential,1.3809452,103.7507594,112.06478075668898
scac0094,,residential,1.3786007,103.7518342,184.64673538494054
scac0094,Teck Whye Heights,residential,1.3819496,103.7529915,325.9679712956892
scac0094,Teck Whye Heights,residential,1.3789533,103.753928,358.8757425806186
scac0094,Sol Acres,residential,1.3766296,103.7504896,370.5415590718158
scac0095,,residential,1.3809452,103.7507594,112.06478075668898
scac0095,,residential,1.3786007,103.7518342,184.64673538494054
scac0095,Teck Whye Heights,residential,1.3819496,103.7529915,325.9679712956892
scac0095,Teck Whye Heights,residential,1.3789533,103.753928,358.8757425806186
scac0095,Sol Acres,residential,1.3766296,103.7504896,370.5415590718158
scac0096,,residential,1.3809452,103.7507594,112.06478075668898
scac0096,,residential,1.3786007,103.7518342,184.64673538494054
scac0096,Teck Whye Heights,residential,1.3819496,103.7529915,325.9679712956892
scac0096,Teck Whye Heights,residential,1.3789533,103.753928,358.8757425806186
scac0096,Sol Acres,residential,1.3766296,103.7504896,370.5415590718158
scac0091,Boon Lay Gardens,residential,1.344117,103.714995,165.0798758824455
scac0091,Boon Lay Place,residential,1.3475922,103.713689,254.43387461143936
scac0091,Boon Lay Fields,residential,1.343384,103.7138741,265.4893102234714
scac0091,Golden Peony,residential,1.3480979,103.7154627,288.86833290914944
scac0091,Parc Vista,residential,1.3442911,103.7175592,339.628659638016
scac0092,Boon Lay Gardens,residential,1.344117,103.714995,165.0798758824455
scac0092,Boon Lay Place,residential,1.3475922,103.713689,254.43387461143936
scac0092,Boon Lay Fields,residential,1.343384,103.7138741,265.4893102234714
scac0092,Golden Peony,residential,1.3480979,103.7154627,288.86833290914944
scac0092,Parc Vista,residential,1.3442911,103.7175592,339.628659638016
scac0093,Boon Lay Gardens,residential,1.344117,103.714995,165.0798758824455
scac0093,Boon Lay Place,residential,1.3475922,103.713689,254.43387461143936
scac0093,Boon Lay Fields,residential,1.343384,103.7138741,265.4893102234714
scac0093,Golden Peony,residential,1.3480979,103.7154627,288.86833290914944
scac0093,Parc Vista,residential,1.3442911,103.7175592,339.628659638016
scac0097,Jurong East Court,residential,1.3490443,103.7321691,108.56172469071718
scac0097,Golden Willows,residential,1.3475238,103.7310366,139.07052375242216
scac0097,,residential,1.3465948,103.7327186,175.06895000944994
scac0097,,residential,1.3479932,103.7299858,242.16946589967947
scac0097,,residential,1.3503221,103.7310588,279.08704950305383
scac0098,Jurong East Court,residential,1.3490443,103.7321691,108.56172469071718
scac0098,Golden Willows,residential,1.3475238,103.7310366,139.07052375242216
scac0098,,residential,1.3465948,103.7327186,175.06895000944994
scac0098,,residential,1.3479932,103.7299858,242.16946589967947
scac0098,,residential,1.3503221,103.7310588,279.08704950305383
scac0099,Jurong East Court,residential,1.3490443,103.7321691,108.56172469071718
scac0099,Golden Willows,residential,1.3475238,103.7310366,139.07052375242216
scac0099,,residential,1.3465948,103.7327186,175.06895000944994
scac0099,,residential,1.3479932,103.7299858,242.16946589967947
scac0099,,residential,1.3503221,103.7310588,279.08704950305383
scac0121,,residential,1.3185043,103.767336,132.56226194904798
scac0121,Trivelis,residential,1.3194989,103.7657039,145.91392432554292
scac0121,Clementi Jade,residential,1.3175264,103.7647539,177.52735241370686
scac0121,Clementi Ridges,residential,1.3192698,103.7647093,196.42197765321075
scac0121,Clementi Meadows,residential,1.3210741,103.7657647,314.8872303914469
scac0122,,residential,1.3185043,103.767336,132.56226194904798
scac0122,Trivelis,residential,1.3194989,103.7657039,145.91392432554292
scac0122,Clementi Jade,residential,1.3175264,103.7647539,177.52735241370686
scac0122,Clementi Ridges,residential,1.3192698,103.7647093,196.42197765321075
scac0122,Clementi Meadows,residential,1.3210741,103.7657647,314.8872303914469
scac0123,,residential,1.3185043,103.767336,132.56226194904798
scac0123,Trivelis,residential,1.3194989,103.7657039,145.91392432554292
scac0123,Clementi Jade,residential,1.3175264,103.7647539,177.52735241370686
scac0123,Clementi Ridges,residential,1.3192698,103.7647093,196.42197765321075
scac0123,Clementi Meadows,residential,1.3210741,103.7657647,314.8872303914469
scac0124,,residential,1.3185043,103.767336,132.56226194904798
scac0124,Trivelis,residential,1.3194989,103.7657039,145.91392432554292
scac0124,Clementi Jade,residential,1.3175264,103.7647539,177.52735241370686
scac0124,Clementi Ridges,residential,1.3192698,103.7647093,196.42197765321075
scac0124,Clementi Meadows,residential,1.3210741,103.7657647,314.8872303914469
scac0125,,residential,1.3185043,103.767336,132.56226194904798
scac0125,Trivelis,residential,1.3194989,103.7657039,145.91392432554292
scac0125,Clementi Jade,residential,1.3175264,103.7647539,177.52735241370686
scac0125,Clementi Ridges,residential,1.3192698,103.7647093,196.42197765321075
scac0125,Clementi Meadows,residential,1.3210741,103.7657647,314.8872303914469
scac0126,,residential,1.3185043,103.767336,132.56226194904798
scac0126,Trivelis,residential,1.3194989,103.7657039,145.91392432554292
scac0126,Clementi Jade,residential,1.3175264,103.7647539,177.52735241370686
scac0126,Clementi Ridges,residential,1.3192698,103.7647093,196.42197765321075
scac0126,Clementi Meadows,residential,1.3210741,103.7657647,314.8872303914469
scac0067,Boon Lay Green,residential,1.3470863,103.7094863,80.11701120471604
scac0067,Boon Lay Grove,residential,1.3487712,103.7093983,218.04828930196757
scac0067,Boon Lay Vista,residential,1.3452191,103.7112669,229.0760462938731
scac0067,Boon Lay Meadow,residential,1.3481922,103.7084574,235.85538159484614
scac0067,Boon Lay Court,residential,1.3476633,103.7078715,269.65440257547596
scac0068,Boon Lay Green,residential,1.3470863,103.7094863,80.11701120471604
scac0068,Boon Lay Grove,residential,1.3487712,103.7093983,218.04828930196757
scac0068,Boon Lay Vista,residential,1.3452191,103.7112669,229.0760462938731
scac0068,Boon Lay Meadow,residential,1.3481922,103.7084574,235.85538159484614
scac0068,Boon Lay Court,residential,1.3476633,103.7078715,269.65440257547596
scac0069,Boon Lay Green,residential,1.3470863,103.7094863,80.11701120471604
scac0069,Boon Lay Grove,residential,1.3487712,103.7093983,218.04828930196757
scac0069,Boon Lay Vista,residential,1.3452191,103.7112669,229.0760462938731
scac0069,Boon Lay Meadow,residential,1.3481922,103.7084574,235.85538159484614
scac0069,Boon Lay Court,residential,1.3476633,103.7078715,269.65440257547596
scac0073,,residential,1.3417131,103.7408013,70.83650546725116
scac0073,Yuhua Ville,residential,1.340345,103.7414926,149.66872786300422
scac0073,,residential,1.3420173,103.7428345,159.4418313075415
scac0073,Jurong East Vista,residential,1.3407705,103.7425481,160.2411612749114
scac0073,,residential,1.3423965,103.7395639,222.66717799683622
scac0074,,residential,1.3417131,103.7408013,70.83650546725116
scac0074,Yuhua Ville,residential,1.340345,103.7414926,149.66872786300422
scac0074,,residential,1.3420173,103.7428345,159.4418313075415
scac0074,Jurong East Vista,residential,1.3407705,103.7425481,160.2411612749114
scac0074,,residential,1.3423965,103.7395639,222.66717799683622
scac0075,,residential,1.3417131,103.7408013,70.83650546725116
scac0075,Yuhua Ville,residential,1.340345,103.7414926,149.66872786300422
scac0075,,residential,1.3420173,103.7428345,159.4418313075415
scac0075,Jurong East Vista,residential,1.3407705,103.7425481,160.2411612749114
scac0075,,residential,1.3423965,103.7395639,222.66717799683622
scac0106,,residential,1.3410908,103.6932326,231.39412780432272
scac0106,Nanyang Ruby,residential,1.3436805,103.6899996,238.40903961544586
scac0106,Nanyang Emerald,residential,1.3404583,103.6886026,355.30622901966126
scac0106,,residential,1.3399312,103.693922,367.1719046754656
scac0106,,residential,1.3417059,103.6948298,385.2859946212128
scac0107,,residential,1.3410908,103.6932326,231.39412780432272
scac0107,Nanyang Ruby,residential,1.3436805,103.6899996,238.40903961544586
scac0107,Nanyang Emerald,residential,1.3404583,103.6886026,355.30622901966126
scac0107,,residential,1.3399312,103.693922,367.1719046754656
scac0107,,residential,1.3417059,103.6948298,385.2859946212128
scac0108,,residential,1.3410908,103.6932326,231.39412780432272
scac0108,Nanyang Ruby,residential,1.3436805,103.6899996,238.40903961544586
scac0108,Nanyang Emerald,residential,1.3404583,103.6886026,355.30622901966126
scac0108,,residential,1.3399312,103.693922,367.1719046754656
scac0108,,residential,1.3417059,103.6948298,385.2859946212128
scac0082,Clementi View,residential,1.3207052,103.7627351,134.52115148875723
scac0082,Clementi Ridges,residential,1.3192698,103.7647093,158.5599044679947
scac0082,Clementi Meadows,residential,1.3210741,103.7657647,216.28827399855587
scac0082,Trivelis,residential,1.3194989,103.7657039,225.17268075747694
scac0082,Clementi Gateway,residential,1.3223141,103.7622109,280.55163371064253
scac0083,Clementi View,residential,1.3207052,103.7627351,134.52115148875723
scac0083,Clementi Ridges,residential,1.3192698,103.7647093,158.5599044679947
scac0083,Clementi Meadows,residential,1.3210741,103.7657647,216.28827399855587
scac0083,Trivelis,residential,1.3194989,103.7657039,225.17268075747694
scac0083,Clementi Gateway,residential,1.3223141,103.7622109,280.55163371064253
scac0084,Clementi View,residential,1.3207052,103.7627351,134.52115148875723
scac0084,Clementi Ridges,residential,1.3192698,103.7647093,158.5599044679947
scac0084,Clementi Meadows,residential,1.3210741,103.7657647,216.28827399855587
scac0084,Trivelis,residential,1.3194989,103.7657039,225.17268075747694
scac0084,Clementi Gateway,residential,1.3223141,103.7622109,280.55163371064253
scac0076,Dyslexia Association of Singapore Serangoon Learning Centre,school,1.348775,103.87399,99.73651757280177
scac0076,,residential,1.3491467,103.8755233,144.02641954542986
scac0076,,residential,1.3477525,103.8731909,170.21074430559543
scac0076,SparkleTots Pre-school,school,1.3500698,103.875052,214.60159862788845
scac0076,Sunshine Grove,residential,1.346146,103.8738777,242.34054515178877
scac0077,Dyslexia Association of Singapore Serangoon Learning Centre,school,1.348775,103.87399,99.73651757280177
scac0077,,residential,1.3491467,103.8755233,144.02641954542986
scac0077,,residential,1.3477525,103.8731909,170.21074430559543
scac0077,SparkleTots Pre-school,school,1.3500698,103.875052,214.60159862788845
scac0077,Sunshine Grove,residential,1.346146,103.8738777,242.34054515178877
scac0078,Dyslexia Association of Singapore Serangoon Learning Centre,school,1.348775,103.87399,99.73651757280177
scac0078,,residential,1.3491467,103.8755233,144.02641954542986
scac0078,,residential,1.3477525,103.8731909,170.21074430559543
scac0078,SparkleTots Pre-school,school,1.3500698,103.875052,214.60159862788845
scac0078,Sunshine Grove,residential,1.346146,103.8738777,242.34054515178877
scac0079,,residential,1.4198205,103.840531,113.67363590332559
scac0079,Vine Grove,residential,1.4186621,103.8420767,155.90986931945798
scac0079,Palm Breeze,residential,1.4167607,103.8409056,229.15822340446607
scac0079,Fern Grove @ Yishun,residential,1.4200669,103.8424985,245.6204275156684
scac0079,Khatib Evergreen,residential,1.4172049,103.8391082,249.86554923177897
scac0080,,residential,1.4198205,103.840531,113.67363590332559
scac0080,Vine Grove,residential,1.4186621,103.8420767,155.90986931945798
scac0080,Palm Breeze,residential,1.4167607,103.8409056,229.15822340446607
scac0080,Fern Grove @ Yishun,residential,1.4200669,103.8424985,245.6204275156684
scac0080,Khatib Evergreen,residential,1.4172049,103.8391082,249.86554923177897
scac0081,,residential,1.4198205,103.840531,113.67363590332559
scac0081,Vine Grove,residential,1.4186621,103.8420767,155.90986931945798
scac0081,Palm Breeze,residential,1.4167607,103.8409056,229.15822340446607
scac0081,Fern Grove @ Yishun,residential,1.4200669,103.8424985,245.6204275156684
scac0081,Khatib Evergreen,residential,1.4172049,103.8391082,249.86554923177897
scac0049,Gombak Gardens,residential,1.3494649,103.7551835,77.67139524736064
scac0049,Golden Daisy,residential,1.3474524,103.7557076,156.36667635240207
scac0049,,residential,1.3478051,103.7536979,198.9985084237954
scac0049,The Dew,residential,1.3464486,103.7560586,274.5828454559243
scac0049,Gombak View,residential,1.3502217,103.7579727,347.35329030135847
scac0050,Gombak Gardens,residential,1.3494649,103.7551835,77.67139524736064
scac0050,Golden Daisy,residential,1.3474524,103.7557076,156.36667635240207
scac0050,,residential,1.3478051,103.7536979,198.9985084237954
scac0050,The Dew,residential,1.3464486,103.7560586,274.5828454559243
scac0050,Gombak View,residential,1.3502217,103.7579727,347.35329030135847
scac0051,Gombak Gardens,residential,1.3494649,103.7551835,77.67139524736064
scac0051,Golden Daisy,residential,1.3474524,103.7557076,156.36667635240207
scac0051,,residential,1.3478051,103.7536979,198.9985084237954
scac0051,The Dew,residential,1.3464486,103.7560586,274.5828454559243
scac0051,Gombak View,residential,1.3502217,103.7579727,347.35329030135847
scac0016,,industrial,1.3267346,103.6811898,333.69471956480646
scac0016,Jurong Apartments,residential,1.3294589,103.6766658,479.0600958854024
scac0016,SAFTI Military Institute,school,1.3304504,103.6834422,779.9615840303609
scac0016,,industrial,1.3201985,103.6831032,787.7587828914534
scac0016,,industrial,1.3207666,103.6842221,833.1063381043114
scac0017,,industrial,1.3267346,103.6811898,333.69471956480646
scac0017,Jurong Apartments,residential,1.3294589,103.6766658,479.0600958854024
scac0017,SAFTI Military Institute,school,1.3304504,103.6834422,779.9615840303609
scac0017,,industrial,1.3201985,103.6831032,787.7587828914534
scac0017,,industrial,1.3207666,103.6842221,833.1063381043114
scac0018,,industrial,1.3267346,103.6811898,333.69471956480646
scac0018,Jurong Apartments,residential,1.3294589,103.6766658,479.0600958854024
scac0018,SAFTI Military Institute,school,1.3304504,103.6834422,779.9615840303609
scac0018,,industrial,1.3201985,103.6831032,787.7587828914534
scac0018,,industrial,1.3207666,103.6842221,833.1063381043114
scac0034,Guilin Breeze,residential,1.3539974,103.7525903,89.32556017384991
scac0034,Guilin Breeze,residential,1.3545419,103.7508466,116.2587500943733
scac0034,Guilin View,residential,1.3554929,103.7529193,170.30415257660653
scac0034,Sunshine Villas,residential,1.3567319,103.751253,271.7331370852303
scac0034,Hillgrove Gardens,residential,1.3521408,103.7543335,368.66249058845915
scac0035,Guilin Breeze,residential,1.3539974,103.7525903,89.32556017384991
scac0035,Guilin Breeze,residential,1.3545419,103.7508466,116.2587500943733
scac0035,Guilin View,residential,1.3554929,103.7529193,170.30415257660653
scac0035,Sunshine Villas,residential,1.3567319,103.751253,271.7331370852303
scac0035,Hillgrove Gardens,residential,1.3521408,103.7543335,368.66249058845915
scac0036,Guilin Breeze,residential,1.3539974,103.7525903,89.32556017384991
scac0036,Guilin Breeze,residential,1.3545419,103.7508466,116.2587500943733
scac0036,Guilin View,residential,1.3554929,103.7529193,170.30415257660653
scac0036,Sunshine Villas,residential,1.3567319,103.751253,271.7331370852303
scac0036,Hillgrove Gardens,residential,1.3521408,103.7543335,368.66249058845915
scac0001,The Clement Canopy,residential,1.3068442,103.7683968,121.01957509894706
scac0001,,residential,1.3069573,103.7706875,143.55872437817223
scac0001,,residential,1.3048055,103.7670998,327.5937342153639
scac0001,,residential,1.3036681,103.7688145,331.39396548862925
scac0001,Clavon,residential,1.3084998,103.7671184,336.06704208318666
scac0002,The Clement Canopy,residential,1.3068442,103.7683968,121.01957509894706
scac0002,,residential,1.3069573,103.7706875,143.55872437817223
scac0002,,residential,1.3048055,103.7670998,327.5937342153639
scac0002,,residential,1.3036681,103.7688145,331.39396548862925
scac0002,Clavon,residential,1.3084998,103.7671184,336.06704208318666
scac0003,The Clement Canopy,residential,1.3068442,103.7683968,121.01957509894706
scac0003,,residential,1.3069573,103.7706875,143.55872437817223
scac0003,,residential,1.3048055,103.7670998,327.5937342153639
scac0003,,residential,1.3036681,103.7688145,331.39396548862925
scac0003,Clavon,residential,1.3084998,103.7671184,336.06704208318666
scac0010,Teck Whye Vista,residential,1.3792104,103.7585156,35.92772541665638
scac0010,Teck Whye View,residential,1.3800193,103.7587092,62.23897772275482
scac0010,,residential,1.379122,103.7573947,152.16342222534703
scac0010,,residential,1.3780203,103.759272,171.36568156217118
scac0010,,residential,1.3808184,103.7570841,236.52411159959064
scac0011,Teck Whye Vista,residential,1.3792104,103.7585156,35.92772541665638
scac0011,Teck Whye View,residential,1.3800193,103.7587092,62.23897772275482
scac0011,,residential,1.379122,103.7573947,152.16342222534703
scac0011,,residential,1.3780203,103.759272,171.36568156217118
scac0011,,residential,1.3808184,103.7570841,236.52411159959064
scac0012,Teck Whye Vista,residential,1.3792104,103.7585156,35.92772541665638
scac0012,Teck Whye View,residential,1.3800193,103.7587092,62.23897772275482
scac0012,,residential,1.379122,103.7573947,152.16342222534703
scac0012,,residential,1.3780203,103.759272,171.36568156217118
scac0012,,residential,1.3808184,103.7570841,236.52411159959064
scdc0025,Park Place Residences,residential,1.3161906,103.8929111,130.36219828712424
scdc0025,culinary studio,school,1.316476,103.8965304,274.02008360155514
scdc0025,,residential,1.3173766,103.8915035,316.35213356744737
scdc0025,Haig Vista,residential,1.3135757,103.8952939,318.9564687506001
scdc0025,Paya Lebar Residences,residential,1.3174046,103.8914508,322.97735859959164
wbac0069,Park Place Residences,residential,1.3161906,103.8929111,130.36219828712424
wbac0069,culinary studio,school,1.316476,103.8965304,274.02008360155514
wbac0069,,residential,1.3173766,103.8915035,316.35213356744737
wbac0069,Haig Vista,residential,1.3135757,103.8952939,318.9564687506001
wbac0069,Paya Lebar Residences,residential,1.3174046,103.8914508,322.97735859959164
wbac0070,Park Place Residences,residential,1.3161906,103.8929111,130.36219828712424
wbac0070,culinary studio,school,1.316476,103.8965304,274.02008360155514
wbac0070,,residential,1.3173766,103.8915035,316.35213356744737
wbac0070,Haig Vista,residential,1.3135757,103.8952939,318.9564687506001
wbac0070,Paya Lebar Residences,residential,1.3174046,103.8914508,322.97735859959164
wbac0217,Clementi View,residential,1.3207052,103.7627351,134.52115148875723
wbac0217,Clementi Ridges,residential,1.3192698,103.7647093,158.5599044679947
wbac0217,Clementi Meadows,residential,1.3210741,103.7657647,216.28827399855587
wbac0217,Trivelis,residential,1.3194989,103.7657039,225.17268075747694
wbac0217,Clementi Gateway,residential,1.3223141,103.7622109,280.55163371064253
wbac0218,Clementi View,residential,1.3207052,103.7627351,134.52115148875723
wbac0218,Clementi Ridges,residential,1.3192698,103.7647093,158.5599044679947
wbac0218,Clementi Meadows,residential,1.3210741,103.7657647,216.28827399855587
wbac0218,Trivelis,residential,1.3194989,103.7657039,225.17268075747694
wbac0218,Clementi Gateway,residential,1.3223141,103.7622109,280.55163371064253
wbac0219,Clementi View,residential,1.3207052,103.7627351,134.52115148875723
wbac0219,Clementi Ridges,residential,1.3192698,103.7647093,158.5599044679947
wbac0219,Clementi Meadows,residential,1.3210741,103.7657647,216.28827399855587
wbac0219,Trivelis,residential,1.3194989,103.7657039,225.17268075747694
wbac0219,Clementi Gateway,residential,1.3223141,103.7622109,280.55163371064253
wbac0259,,residential,1.3422445,103.7023417,151.6513087230304
wbac0259,Edelweiss @ Jurong,residential,1.3439205,103.7047875,184.70884191665525
wbac0259,,residential,1.3444303,103.7016818,284.2857667629158
wbac0259,,residential,1.3421057,103.7064948,328.7019632623612
wbac0259,,residential,1.3390245,103.7026188,428.5858573768931
wbac0260,,residential,1.3422445,103.7023417,151.6513087230304
wbac0260,Edelweiss @ Jurong,residential,1.3439205,103.7047875,184.70884191665525
wbac0260,,residential,1.3444303,103.7016818,284.2857667629158
wbac0260,,residential,1.3421057,103.7064948,328.7019632623612
wbac0260,,residential,1.3390245,103.7026188,428.5858573768931
wbac0261,,residential,1.3422445,103.7023417,151.6513087230304
wbac0261,Edelweiss @ Jurong,residential,1.3439205,103.7047875,184.70884191665525
wbac0261,,residential,1.3444303,103.7016818,284.2857667629158
wbac0261,,residential,1.3421057,103.7064948,328.7019632623612
wbac0261,,residential,1.3390245,103.7026188,428.5858573768931
wbac0265,Nanyang Pearl,residential,1.3452085,103.6928531,73.55519613361376
wbac0265,,residential,1.3460715,103.6948835,241.94906634981822
wbac0265,Nanyang Ruby,residential,1.3436805,103.6899996,387.06055925151094
wbac0265,Pioneer Hall (Hall 18),residential,1.3460946,103.6890808,405.16284241391395
wbac0265,,residential,1.3494243,103.6943605,436.7861267949324
wbac0266,Nanyang Pearl,residential,1.3452085,103.6928531,73.55519613361376
wbac0266,,residential,1.3460715,103.6948835,241.94906634981822
wbac0266,Nanyang Ruby,residential,1.3436805,103.6899996,387.06055925151094
wbac0266,Pioneer Hall (Hall 18),residential,1.3460946,103.6890808,405.16284241391395
wbac0266,,residential,1.3494243,103.6943605,436.7861267949324
wbac0267,Nanyang Pearl,residential,1.3452085,103.6928531,73.55519613361376
wbac0267,,residential,1.3460715,103.6948835,241.94906634981822
wbac0267,Nanyang Ruby,residential,1.3436805,103.6899996,387.06055925151094
wbac0267,Pioneer Hall (Hall 18),residential,1.3460946,103.6890808,405.16284241391395
wbac0267,,residential,1.3494243,103.6943605,436.7861267949324
wbac0274,,residential,1.3444303,103.7016818,153.68788142209263
wbac0274,Edelweiss @ Jurong,residential,1.3439205,103.7047875,205.28110640382263
wbac0274,,residential,1.3422445,103.7023417,270.1811367931319
wbac0274,,residential,1.3459681,103.7006107,313.49283479742655
wbac0274,,residential,1.3421057,103.7064948,469.96647687873383
wbac0275,,residential,1.3444303,103.7016818,153.68788142209263
wbac0275,Edelweiss @ Jurong,residential,1.3439205,103.7047875,205.28110640382263
wbac0275,,residential,1.3422445,103.7023417,270.1811367931319
wbac0275,,residential,1.3459681,103.7006107,313.49283479742655
wbac0275,,residential,1.3421057,103.7064948,469.96647687873383
wbac0276,,residential,1.3444303,103.7016818,153.68788142209263
wbac0276,Edelweiss @ Jurong,residential,1.3439205,103.7047875,205.28110640382263
wbac0276,,residential,1.3422445,103.7023417,270.1811367931319
wbac0276,,residential,1.3459681,103.7006107,313.49283479742655
wbac0276,,residential,1.3421057,103.7064948,469.96647687873383
wbac0015,Boon Keng Ville,residential,1.3150521,103.8711828,151.53104972257717
wbac0015,Kallang Heights,residential,1.3135575,103.8725841,231.4840734718062
wbac0015,Kallang Breeze,residential,1.3141325,103.8740626,247.63124520553856
wbac0015,Upper Boon Keng Riverview,residential,1.3183285,103.8742553,362.86511083466814
wbac0015,Kallang Distripark,industrial,1.3180053,103.8701079,368.039306694255
wbac0016,Boon Keng Ville,residential,1.3150521,103.8711828,151.53104972257717
wbac0016,Kallang Heights,residential,1.3135575,103.8725841,231.4840734718062
wbac0016,Kallang Breeze,residential,1.3141325,103.8740626,247.63124520553856
wbac0016,Upper Boon Keng Riverview,residential,1.3183285,103.8742553,362.86511083466814
wbac0016,Kallang Distripark,industrial,1.3180053,103.8701079,368.039306694255
wbac0289,,residential,1.3904454,103.743069,82.51640780432218
wbac0289,,residential,1.3886455,103.7421149,150.75299644580295
wbac0289,Limbang Meadows,residential,1.3916258,103.7441956,253.74190497072263
wbac0289,,residential,1.3921628,103.7415697,312.7461603403578
wbac0289,The Warren,residential,1.3867978,103.7431719,325.04842478338014
wbac0290,,residential,1.3904454,103.743069,82.51640780432218
wbac0290,,residential,1.3886455,103.7421149,150.75299644580295
wbac0290,Limbang Meadows,residential,1.3916258,103.7441956,253.74190497072263
wbac0290,,residential,1.3921628,103.7415697,312.7461603403578
wbac0290,The Warren,residential,1.3867978,103.7431719,325.04842478338014
wbac0291,,residential,1.3904454,103.743069,82.51640780432218
wbac0291,,residential,1.3886455,103.7421149,150.75299644580295
wbac0291,Limbang Meadows,residential,1.3916258,103.7441956,253.74190497072263
wbac0291,,residential,1.3921628,103.7415697,312.7461603403578
wbac0291,The Warren,residential,1.3867978,103.7431719,325.04842478338014
wbac0238,,residential,1.3982853,103.746432,165.02771156056377
wbac0238,,residential,1.3989975,103.7442716,194.8873160560567
wbac0238,,residential,1.3958632,103.7441433,214.7064920528992
wbac0238,,residential,1.3954556,103.7457069,234.40342274470615
wbac0238,,residential,1.399786,103.7471011,332.72480634309795
wbac0239,,residential,1.3982853,103.746432,165.02771156056377
wbac0239,,residential,1.3989975,103.7442716,194.8873160560567
wbac0239,,residential,1.3958632,103.7441433,214.7064920528992
wbac0239,,residential,1.3954556,103.7457069,234.40342274470615
wbac0239,,residential,1.399786,103.7471011,332.72480634309795
wbac0240,,residential,1.3982853,103.746432,165.02771156056377
wbac0240,,residential,1.3989975,103.7442716,194.8873160560567
wbac0240,,residential,1.3958632,103.7441433,214.7064920528992
wbac0240,,residential,1.3954556,103.7457069,234.40342274470615
wbac0240,,residential,1.399786,103.7471011,332.72480634309795
delac0451,Wellington Vale,residential,1.4540786,103.8202361,138.62703151663314
delac0451,Wellington View,residential,1.4531186,103.8207078,186.0602838092053
delac0451,,residential,1.4528436,103.8175732,187.71276336626033
delac0451,,residential,1.4505038,103.8195656,345.1285429325371
delac0451,,residential,1.4519067,103.8160271,388.21202615273967
delac0452,Wellington Vale,residential,1.4540786,103.8202361,138.62703151663314
delac0452,Wellington View,residential,1.4531186,103.8207078,186.0602838092053
delac0452,,residential,1.4528436,103.8175732,187.71276336626033
delac0452,,residential,1.4505038,103.8195656,345.1285429325371
delac0452,,residential,1.4519067,103.8160271,388.21202615273967
delac0453,Wellington Vale,residential,1.4540786,103.8202361,138.62703151663314
delac0453,Wellington View,residential,1.4531186,103.8207078,186.0602838092053
delac0453,,residential,1.4528436,103.8175732,187.71276336626033
delac0453,,residential,1.4505038,103.8195656,345.1285429325371
delac0453,,residential,1.4519067,103.8160271,388.21202615273967
wbac0229,,residential,1.3936831,103.7495555,106.4323446917566
wbac0229,Yew Mei Green,residential,1.3952017,103.7510917,140.2107921485464
wbac0229,,residential,1.3952557,103.7484886,190.99545209918148
wbac0229,,residential,1.3976313,103.7489655,366.8683926477416
wbac0229,Villa Verde Estate,residential,1.391338,103.75135,381.79111981534504
wbac0230,,residential,1.3936831,103.7495555,106.4323446917566
wbac0230,Yew Mei Green,residential,1.3952017,103.7510917,140.2107921485464
wbac0230,,residential,1.3952557,103.7484886,190.99545209918148
wbac0230,,residential,1.3976313,103.7489655,366.8683926477416
wbac0230,Villa Verde Estate,residential,1.391338,103.75135,381.79111981534504
wbac0231,,residential,1.3936831,103.7495555,106.4323446917566
wbac0231,Yew Mei Green,residential,1.3952017,103.7510917,140.2107921485464
wbac0231,,residential,1.3952557,103.7484886,190.99545209918148
wbac0231,,residential,1.3976313,103.7489655,366.8683926477416
wbac0231,Villa Verde Estate,residential,1.391338,103.75135,381.79111981534504
wbac0211,Sky Vista @ Bukit Batok,residential,1.349639,103.7454236,65.39494041004883
wbac0211,,residential,1.350492,103.7438727,133.86514985636177
wbac0211,,residential,1.3492745,103.7462229,162.6042910865823
wbac0211,,residential,1.3512543,103.7467574,266.03859958918036
wbac0211,West Terra @ Bukit Batok,residential,1.3523381,103.7432796,332.36320002814614
wbac0212,Sky Vista @ Bukit Batok,residential,1.349639,103.7454236,65.39494041004883
wbac0212,,residential,1.350492,103.7438727,133.86514985636177
wbac0212,,residential,1.3492745,103.7462229,162.6042910865823
wbac0212,,residential,1.3512543,103.7467574,266.03859958918036
wbac0212,West Terra @ Bukit Batok,residential,1.3523381,103.7432796,332.36320002814614
wbac0213,Sky Vista @ Bukit Batok,residential,1.349639,103.7454236,65.39494041004883
wbac0213,,residential,1.350492,103.7438727,133.86514985636177
wbac0213,,residential,1.3492745,103.7462229,162.6042910865823
wbac0213,,residential,1.3512543,103.7467574,266.03859958918036
wbac0213,West Terra @ Bukit Batok,residential,1.3523381,103.7432796,332.36320002814614
wbac0220,,residential,1.4294457,103.77255,163.80843133281184
wbac0220,,residential,1.4294828,103.7743603,188.05727633362343
wbac0220,,residential,1.4285863,103.7736967,245.75989281940787
wbac0220,Woodlands Peak,residential,1.4317146,103.7752797,251.09066918262363
wbac0220,Water Import Pump Station,industrial,1.4306678,103.770922,257.61422743520313
wbac0221,,residential,1.4294457,103.77255,163.80843133281184
wbac0221,,residential,1.4294828,103.7743603,188.05727633362343
wbac0221,,residential,1.4285863,103.7736967,245.75989281940787
wbac0221,Woodlands Peak,residential,1.4317146,103.7752797,251.09066918262363
wbac0221,Water Import Pump Station,industrial,1.4306678,103.770922,257.61422743520313
wbac0222,,residential,1.4294457,103.77255,163.80843133281184
wbac0222,,residential,1.4294828,103.7743603,188.05727633362343
wbac0222,,residential,1.4285863,103.7736967,245.75989281940787
wbac0222,Woodlands Peak,residential,1.4317146,103.7752797,251.09066918262363
wbac0222,Water Import Pump Station,industrial,1.4306678,103.770922,257.61422743520313
scdc0022,Focus Music,school,1.2803337,103.8414605,204.81858082365997
scdc0022,Kreta Ayer Heights,residential,1.2811748,103.8428677,217.09841668586418
scdc0022,Anatta Culinary Academy,school,1.2784252,103.8410997,222.0462281232799
scdc0022,Dorsett Residences,residential,1.2798982,103.8402217,310.3481082626884
scdc0022,The Pinnacle@Duxton,residential,1.2767749,103.8413996,321.08095392323463
scdc0023,Focus Music,school,1.2803337,103.8414605,204.81858082365997
scdc0023,Kreta Ayer Heights,residential,1.2811748,103.8428677,217.09841668586418
scdc0023,Anatta Culinary Academy,school,1.2784252,103.8410997,222.0462281232799
scdc0023,Dorsett Residences,residential,1.2798982,103.8402217,310.3481082626884
scdc0023,The Pinnacle@Duxton,residential,1.2767749,103.8413996,321.08095392323463
wbac0244,Eastcreek @ Canberra,residential,1.4513034,103.8313893,100.44764804543753
wbac0244,Eastbrook@Canberra,residential,1.449303,103.8325316,285.74433171731584
wbac0244,Sembawang Square Estate,residential,1.4504163,103.8287224,409.15503185653705
wbac0244,Eastlawn@Canberra,residential,1.4478387,103.8317909,446.29781932712905
wbac0244,EastGlen @ Canberra,residential,1.4484859,103.8297108,458.8668468387722
wbac0245,Eastcreek @ Canberra,residential,1.4513034,103.8313893,100.44764804543753
wbac0245,Eastbrook@Canberra,residential,1.449303,103.8325316,285.74433171731584
wbac0245,Sembawang Square Estate,residential,1.4504163,103.8287224,409.15503185653705
wbac0245,Eastlawn@Canberra,residential,1.4478387,103.8317909,446.29781932712905
wbac0245,EastGlen @ Canberra,residential,1.4484859,103.8297108,458.8668468387722
wbac0246,Eastcreek @ Canberra,residential,1.4513034,103.8313893,100.44764804543753
wbac0246,Eastbrook@Canberra,residential,1.449303,103.8325316,285.74433171731584
wbac0246,Sembawang Square Estate,residential,1.4504163,103.8287224,409.15503185653705
wbac0246,Eastlawn@Canberra,residential,1.4478387,103.8317909,446.29781932712905
wbac0246,EastGlen @ Canberra,residential,1.4484859,103.8297108,458.8668468387722
delac0379,Eastlace@Canberra,residential,1.446121,103.8292481,56.923642239664126
delac0379,Parc Canberra,residential,1.4473267,103.8282978,148.23099152345864
delac0379,Eastlink II @ Canberra,residential,1.4450422,103.8298641,169.33845040179764
delac0379,The Brownstone EC,residential,1.4456055,103.8272724,170.934072433239
delac0379,The Visionaire,residential,1.4463547,103.8262347,280.155509142365
delac0380,Eastlace@Canberra,residential,1.446121,103.8292481,56.923642239664126
delac0380,Parc Canberra,residential,1.4473267,103.8282978,148.23099152345864
delac0380,Eastlink II @ Canberra,residential,1.4450422,103.8298641,169.33845040179764
delac0380,The Brownstone EC,residential,1.4456055,103.8272724,170.934072433239
delac0380,The Visionaire,residential,1.4463547,103.8262347,280.155509142365
delac0381,Eastlace@Canberra,residential,1.446121,103.8292481,56.923642239664126
delac0381,Parc Canberra,residential,1.4473267,103.8282978,148.23099152345864
delac0381,Eastlink II @ Canberra,residential,1.4450422,103.8298641,169.33845040179764
delac0381,The Brownstone EC,residential,1.4456055,103.8272724,170.934072433239
delac0381,The Visionaire,residential,1.4463547,103.8262347,280.155509142365
delac0412,Sembawang Green,residential,1.4560707,103.8164752,167.64958672037938
delac0412,,residential,1.4528436,103.8175732,217.72928132156989
delac0412,Sembawang Riverlodge,residential,1.4557823,103.8142965,294.7251969772169
delac0412,,residential,1.4519067,103.8160271,304.7145535676233
delac0412,,residential,1.4545563,103.8137152,326.9358751316715
delac0413,Sembawang Green,residential,1.4560707,103.8164752,167.64958672037938
delac0413,,residential,1.4528436,103.8175732,217.72928132156989
delac0413,Sembawang Riverlodge,residential,1.4557823,103.8142965,294.7251969772169
delac0413,,residential,1.4519067,103.8160271,304.7145535676233
delac0413,,residential,1.4545563,103.8137152,326.9358751316715
delac0414,Sembawang Green,residential,1.4560707,103.8164752,167.64958672037938
delac0414,,residential,1.4528436,103.8175732,217.72928132156989
delac0414,Sembawang Riverlodge,residential,1.4557823,103.8142965,294.7251969772169
delac0414,,residential,1.4519067,103.8160271,304.7145535676233
delac0414,,residential,1.4545563,103.8137152,326.9358751316715
delac0409,West Quarry @ Bukit Batok,residential,1.3538449,103.7396977,80.91332738188427
delac0409,West Valley @ Bukit Batok,residential,1.3526061,103.7406682,97.82841820065354
delac0409,West Rock @ Bukit Batok,residential,1.3548318,103.7401485,161.1094829512859
delac0409,Harmony Village @ Bukit Batok,residential,1.35533,103.7418294,277.38711220200656
delac0409,Le Quest,residential,1.3559414,103.7411571,300.84226863669596
delac0410,West Quarry @ Bukit Batok,residential,1.3538449,103.7396977,80.91332738188427
delac0410,West Valley @ Bukit Batok,residential,1.3526061,103.7406682,97.82841820065354
delac0410,West Rock @ Bukit Batok,residential,1.3548318,103.7401485,161.1094829512859
delac0410,Harmony Village @ Bukit Batok,residential,1.35533,103.7418294,277.38711220200656
delac0410,Le Quest,residential,1.3559414,103.7411571,300.84226863669596
delac0411,West Quarry @ Bukit Batok,residential,1.3538449,103.7396977,80.91332738188427
delac0411,West Valley @ Bukit Batok,residential,1.3526061,103.7406682,97.82841820065354
delac0411,West Rock @ Bukit Batok,residential,1.3548318,103.7401485,161.1094829512859
delac0411,Harmony Village @ Bukit Batok,residential,1.35533,103.7418294,277.38711220200656
delac0411,Le Quest,residential,1.3559414,103.7411571,300.84226863669596
wbac0099,منتجع صن ست 2,residential,31.4593828,31.6901761,364.13588220638934
wbac0099,مسلسل 1,residential,31.4554667,31.6874084,383.9771420113916
wbac0099,المرحلة 1,residential,31.4586992,31.6804027,568.6237970749055
wbac0099,بيت الوطن,residential,31.4546396,31.6823195,603.8137370885036
wbac0099,المجاورة 1,residential,31.4512829,31.6875451,844.0623737631828
wbac0100,منتجع صن ست 2,residential,31.4593828,31.6901761,364.13588220638934
wbac0100,مسلسل 1,residential,31.4554667,31.6874084,383.9771420113916
wbac0100,المرحلة 1,residential,31.4586992,31.6804027,568.6237970749055
wbac0100,بيت الوطن,residential,31.4546396,31.6823195,603.8137370885036
wbac0100,المجاورة 1,residential,31.4512829,31.6875451,844.0623737631828
wbac0037,Brickhouse @ Sims,residential,1.3128707,103.8755898,135.21815702612497
wbac0037,Angsana@21,residential,1.3126703,103.8755942,145.1479166941828
wbac0037,,industrial,1.3148623,103.8767397,167.46002946090388
wbac0037,Canne Ville,residential,1.3120164,103.8746132,276.1778172206098
wbac0037,Kallang Breeze,residential,1.3141325,103.8740626,306.1278679229871
wbac0038,Brickhouse @ Sims,residential,1.3128707,103.8755898,135.21815702612497
wbac0038,Angsana@21,residential,1.3126703,103.8755942,145.1479166941828
wbac0038,,industrial,1.3148623,103.8767397,167.46002946090388
wbac0038,Canne Ville,residential,1.3120164,103.8746132,276.1778172206098
wbac0038,Kallang Breeze,residential,1.3141325,103.8740626,306.1278679229871
wbac0039,Brickhouse @ Sims,residential,1.3128707,103.8755898,135.21815702612497
wbac0039,Angsana@21,residential,1.3126703,103.8755942,145.1479166941828
wbac0039,,industrial,1.3148623,103.8767397,167.46002946090388
wbac0039,Canne Ville,residential,1.3120164,103.8746132,276.1778172206098
wbac0039,Kallang Breeze,residential,1.3141325,103.8740626,306.1278679229871
wbac0040,Brickhouse @ Sims,residential,1.3128707,103.8755898,135.21815702612497
wbac0040,Angsana@21,residential,1.3126703,103.8755942,145.1479166941828
wbac0040,,industrial,1.3148623,103.8767397,167.46002946090388
wbac0040,Canne Ville,residential,1.3120164,103.8746132,276.1778172206098
wbac0040,Kallang Breeze,residential,1.3141325,103.8740626,306.1278679229871
delac0424,West Scape @ Bukit Batok,residential,1.3610679,103.7423171,129.97532675935295
delac0424,Bukit View Primary School (U/C),school,1.358512,103.7411468,293.52196372728883
delac0424,Onboard @ Tengah,residential,1.3618958,103.7403597,359.9991447482035
delac0424,West Plains @ Bukit Batok,residential,1.356982,103.7426818,365.90019283918184
delac0424,West Edge @ Bukit Batok,residential,1.3581698,103.7398339,433.92462824262344
delac0425,West Scape @ Bukit Batok,residential,1.3610679,103.7423171,129.97532675935295
delac0425,Bukit View Primary School (U/C),school,1.358512,103.7411468,293.52196372728883
delac0425,Onboard @ Tengah,residential,1.3618958,103.7403597,359.9991447482035
delac0425,West Plains @ Bukit Batok,residential,1.356982,103.7426818,365.90019283918184
delac0425,West Edge @ Bukit Batok,residential,1.3581698,103.7398339,433.92462824262344
delac0426,West Scape @ Bukit Batok,residential,1.3610679,103.7423171,129.97532675935295
delac0426,Bukit View Primary School (U/C),school,1.358512,103.7411468,293.52196372728883
delac0426,Onboard @ Tengah,residential,1.3618958,103.7403597,359.9991447482035
delac0426,West Plains @ Bukit Batok,residential,1.356982,103.7426818,365.90019283918184
delac0426,West Edge @ Bukit Batok,residential,1.3581698,103.7398339,433.92462824262344
delac0415,West Quarry @ Bukit Batok,residential,1.3538449,103.7396977,80.91332738188427
delac0415,West Valley @ Bukit Batok,residential,1.3526061,103.7406682,97.82841820065354
delac0415,West Rock @ Bukit Batok,residential,1.3548318,103.7401485,161.1094829512859
delac0415,Harmony Village @ Bukit Batok,residential,1.35533,103.7418294,277.38711220200656
delac0415,Le Quest,residential,1.3559414,103.7411571,300.84226863669596
delac0416,West Quarry @ Bukit Batok,residential,1.3538449,103.7396977,80.91332738188427
delac0416,West Valley @ Bukit Batok,residential,1.3526061,103.7406682,97.82841820065354
delac0416,West Rock @ Bukit Batok,residential,1.3548318,103.7401485,161.1094829512859
delac0416,Harmony Village @ Bukit Batok,residential,1.35533,103.7418294,277.38711220200656
delac0416,Le Quest,residential,1.3559414,103.7411571,300.84226863669596
delac0417,West Quarry @ Bukit Batok,residential,1.3538449,103.7396977,80.91332738188427
delac0417,West Valley @ Bukit Batok,residential,1.3526061,103.7406682,97.82841820065354
delac0417,West Rock @ Bukit Batok,residential,1.3548318,103.7401485,161.1094829512859
delac0417,Harmony Village @ Bukit Batok,residential,1.35533,103.7418294,277.38711220200656
delac0417,Le Quest,residential,1.3559414,103.7411571,300.84226863669596
delac0439,,residential,1.4013258,103.7499619,281.8816018293107
delac0439,,residential,1.402064,103.7474335,343.87841267147206
delac0439,,residential,1.4006834,103.7514248,389.4327124890584
delac0439,Regent Grove,residential,1.3994172,103.7491772,501.5427811889859
delac0439,The Quintet,residential,1.3990455,103.7508268,544.2097805963266
delac0440,,residential,1.4013258,103.7499619,281.8816018293107
delac0440,,residential,1.402064,103.7474335,343.87841267147206
delac0440,,residential,1.4006834,103.7514248,389.4327124890584
delac0440,Regent Grove,residential,1.3994172,103.7491772,501.5427811889859
delac0440,The Quintet,residential,1.3990455,103.7508268,544.2097805963266
delac0441,,residential,1.4013258,103.7499619,281.8816018293107
delac0441,,residential,1.402064,103.7474335,343.87841267147206
delac0441,,residential,1.4006834,103.7514248,389.4327124890584
delac0441,Regent Grove,residential,1.3994172,103.7491772,501.5427811889859
delac0441,The Quintet,residential,1.3990455,103.7508268,544.2097805963266
delac0301,Parc Life,residential,1.4432684,103.8189947,101.51716857856036
delac0301,Skypark Residences,residential,1.4435932,103.8199327,132.79333605090335
delac0301,Proxima,industrial,1.4420007,103.8179276,264.39483932208805
delac0301,Sun Breeze,residential,1.4440899,103.8164132,275.43939538061187
delac0301,,residential,1.4462542,103.8171885,298.6515581509046
delac0302,Parc Life,residential,1.4432684,103.8189947,101.51716857856036
delac0302,Skypark Residences,residential,1.4435932,103.8199327,132.79333605090335
delac0302,Proxima,industrial,1.4420007,103.8179276,264.39483932208805
delac0302,Sun Breeze,residential,1.4440899,103.8164132,275.43939538061187
delac0302,,residential,1.4462542,103.8171885,298.6515581509046
delac0303,Parc Life,residential,1.4432684,103.8189947,101.51716857856036
delac0303,Skypark Residences,residential,1.4435932,103.8199327,132.79333605090335
delac0303,Proxima,industrial,1.4420007,103.8179276,264.39483932208805
delac0303,Sun Breeze,residential,1.4440899,103.8164132,275.43939538061187
delac0303,,residential,1.4462542,103.8171885,298.6515581509046
delac0403,,residential,1.3976313,103.7489655,110.5111893676072
delac0403,,residential,1.3952557,103.7484886,181.65931318214982
delac0403,Yew Mei Green,residential,1.3952017,103.7510917,260.8026518219123
delac0403,Regent Grove,residential,1.3994172,103.7491772,303.7611638984642
delac0403,The Quintet,residential,1.3990455,103.7508268,313.8144300815356
delac0404,,residential,1.3976313,103.7489655,110.5111893676072
delac0404,,residential,1.3952557,103.7484886,181.65931318214982
delac0404,Yew Mei Green,residential,1.3952017,103.7510917,260.8026518219123
delac0404,Regent Grove,residential,1.3994172,103.7491772,303.7611638984642
delac0404,The Quintet,residential,1.3990455,103.7508268,313.8144300815356
delac0405,,residential,1.3976313,103.7489655,110.5111893676072
delac0405,,residential,1.3952557,103.7484886,181.65931318214982
delac0405,Yew Mei Green,residential,1.3952017,103.7510917,260.8026518219123
delac0405,Regent Grove,residential,1.3994172,103.7491772,303.7611638984642
delac0405,The Quintet,residential,1.3990455,103.7508268,313.8144300815356
delac0481,Spottiswoode Residences,residential,1.2754616,103.8367316,23.012640058083765
delac0481,,residential,1.2763394,103.8368947,80.46558393426226
delac0481,Spottiswoode Suites,residential,1.2759885,103.8374403,94.4579760040966
delac0481,Spottiswoode 18,residential,1.2755101,103.8375747,103.10133872026196
delac0481,Sky Everton,residential,1.2758507,103.8381661,168.97639884730748
delac0482,Spottiswoode Residences,residential,1.2754616,103.8367316,23.012640058083765
delac0482,,residential,1.2763394,103.8368947,80.46558393426226
delac0482,Spottiswoode Suites,residential,1.2759885,103.8374403,94.4579760040966
delac0482,Spottiswoode 18,residential,1.2755101,103.8375747,103.10133872026196
delac0482,Sky Everton,residential,1.2758507,103.8381661,168.97639884730748
delac0483,Spottiswoode Residences,residential,1.2754616,103.8367316,23.012640058083765
delac0483,,residential,1.2763394,103.8368947,80.46558393426226
delac0483,Spottiswoode Suites,residential,1.2759885,103.8374403,94.4579760040966
delac0483,Spottiswoode 18,residential,1.2755101,103.8375747,103.10133872026196
delac0483,Sky Everton,residential,1.2758507,103.8381661,168.97639884730748
delac0484,Spottiswoode Residences,residential,1.2754616,103.8367316,23.012640058083765
delac0484,,residential,1.2763394,103.8368947,80.46558393426226
delac0484,Spottiswoode Suites,residential,1.2759885,103.8374403,94.4579760040966
delac0484,Spottiswoode 18,residential,1.2755101,103.8375747,103.10133872026196
delac0484,Sky Everton,residential,1.2758507,103.8381661,168.97639884730748
delac0388,,residential,1.4419493,103.8064758,135.5062609414102
delac0388,,residential,1.4406651,103.8040712,168.32763456174203
delac0388,Admiralty Flora,residential,1.4400112,103.8061202,182.3256126451791
delac0388,Woodsvale,residential,1.4439744,103.8052547,279.4798117591524
delac0388,,residential,1.442932,103.803002,308.65130120912323
delac0389,,residential,1.4419493,103.8064758,135.5062609414102
delac0389,,residential,1.4406651,103.8040712,168.32763456174203
delac0389,Admiralty Flora,residential,1.4400112,103.8061202,182.3256126451791
delac0389,Woodsvale,residential,1.4439744,103.8052547,279.4798117591524
delac0389,,residential,1.442932,103.803002,308.65130120912323
delac0390,,residential,1.4419493,103.8064758,135.5062609414102
delac0390,,residential,1.4406651,103.8040712,168.32763456174203
delac0390,Admiralty Flora,residential,1.4400112,103.8061202,182.3256126451791
delac0390,Woodsvale,residential,1.4439744,103.8052547,279.4798117591524
delac0390,,residential,1.442932,103.803002,308.65130120912323
delac0397,Admiralty Grove,residential,1.4383632,103.8047466,143.3173948860405
delac0397,,residential,1.4406651,103.8040712,164.48270377426394
delac0397,Admiralty Place,residential,1.4397011,103.8018943,216.3633203732908
delac0397,Admiralty Flora,residential,1.4400112,103.8061202,274.8942848363759
delac0397,,residential,1.4369582,103.802437,291.9364704749186
delac0398,Admiralty Grove,residential,1.4383632,103.8047466,143.3173948860405
delac0398,,residential,1.4406651,103.8040712,164.48270377426394
delac0398,Admiralty Place,residential,1.4397011,103.8018943,216.3633203732908
delac0398,Admiralty Flora,residential,1.4400112,103.8061202,274.8942848363759
delac0398,,residential,1.4369582,103.802437,291.9364704749186
delac0399,Admiralty Grove,residential,1.4383632,103.8047466,143.3173948860405
delac0399,,residential,1.4406651,103.8040712,164.48270377426394
delac0399,Admiralty Place,residential,1.4397011,103.8018943,216.3633203732908
delac0399,Admiralty Flora,residential,1.4400112,103.8061202,274.8942848363759
delac0399,,residential,1.4369582,103.802437,291.9364704749186
delac0358,Eastcrown@Canberra,residential,1.4449051,103.8328719,29.734971333712664
delac0358,Eastwave@Canberra,residential,1.4462802,103.8318928,194.63289876926498
delac0358,EastDelta@Canberra,residential,1.4458704,103.8347851,208.48844054590376
delac0358,Eastbank @ Canberra,residential,1.4475118,103.8339242,291.0435592574701
delac0358,Eastlink I @ Canberra (U/C),residential,1.4434572,103.8308797,303.1416858598551
delac0359,Eastcrown@Canberra,residential,1.4449051,103.8328719,29.734971333712664
delac0359,Eastwave@Canberra,residential,1.4462802,103.8318928,194.63289876926498
delac0359,EastDelta@Canberra,residential,1.4458704,103.8347851,208.48844054590376
delac0359,Eastbank @ Canberra,residential,1.4475118,103.8339242,291.0435592574701
delac0359,Eastlink I @ Canberra (U/C),residential,1.4434572,103.8308797,303.1416858598551
delac0360,Eastcrown@Canberra,residential,1.4449051,103.8328719,29.734971333712664
delac0360,Eastwave@Canberra,residential,1.4462802,103.8318928,194.63289876926498
delac0360,EastDelta@Canberra,residential,1.4458704,103.8347851,208.48844054590376
delac0360,Eastbank @ Canberra,residential,1.4475118,103.8339242,291.0435592574701
delac0360,Eastlink I @ Canberra (U/C),residential,1.4434572,103.8308797,303.1416858598551
delac0391,,residential,1.4351446,103.7964102,158.33334100158038
delac0391,,residential,1.4380178,103.7966473,222.21048909419056
delac0391,,residential,1.4341392,103.7985098,256.9526085876293
delac0391,,residential,1.4371599,103.7998067,289.25650820651833
delac0391,,residential,1.4388283,103.7987626,332.34846169939607
delac0392,,residential,1.4351446,103.7964102,158.33334100158038
delac0392,,residential,1.4380178,103.7966473,222.21048909419056
delac0392,,residential,1.4341392,103.7985098,256.9526085876293
delac0392,,residential,1.4371599,103.7998067,289.25650820651833
delac0392,,residential,1.4388283,103.7987626,332.34846169939607
delac0393,,residential,1.4351446,103.7964102,158.33334100158038
delac0393,,residential,1.4380178,103.7966473,222.21048909419056
delac0393,,residential,1.4341392,103.7985098,256.9526085876293
delac0393,,residential,1.4371599,103.7998067,289.25650820651833
delac0393,,residential,1.4388283,103.7987626,332.34846169939607
wbac0063,,residential,1.323359,103.8503832,34.82051395859632
wbac0063,Montebleu,residential,1.3237673,103.8502362,43.52519200315543
wbac0063,De Paradiso,residential,1.3240812,103.8506585,98.85782986969636
wbac0063,Ecoville,residential,1.3238526,103.8508865,102.78259806806408
wbac0063,,residential,1.3238858,103.8492772,103.15146361368757
wbac0064,,residential,1.323359,103.8503832,34.82051395859632
wbac0064,Montebleu,residential,1.3237673,103.8502362,43.52519200315543
wbac0064,De Paradiso,residential,1.3240812,103.8506585,98.85782986969636
wbac0064,Ecoville,residential,1.3238526,103.8508865,102.78259806806408
wbac0064,,residential,1.3238858,103.8492772,103.15146361368757
wbac0065,,residential,1.323359,103.8503832,34.82051395859632
wbac0065,Montebleu,residential,1.3237673,103.8502362,43.52519200315543
wbac0065,De Paradiso,residential,1.3240812,103.8506585,98.85782986969636
wbac0065,Ecoville,residential,1.3238526,103.8508865,102.78259806806408
wbac0065,,residential,1.3238858,103.8492772,103.15146361368757
wbac0066,,residential,1.323359,103.8503832,34.82051395859632
wbac0066,Montebleu,residential,1.3237673,103.8502362,43.52519200315543
wbac0066,De Paradiso,residential,1.3240812,103.8506585,98.85782986969636
wbac0066,Ecoville,residential,1.3238526,103.8508865,102.78259806806408
wbac0066,,residential,1.3238858,103.8492772,103.15146361368757
delac0361,,residential,54.6176778,-1.0594507,829.220429912538
delac0361,Tamar Mews,residential,54.607266,-1.0784303,892.7150257438319
delac0362,,residential,54.6176778,-1.0594507,829.220429912538
delac0362,Tamar Mews,residential,54.607266,-1.0784303,892.7150257438319
delac0363,,residential,54.6176778,-1.0594507,829.220429912538
delac0363,Tamar Mews,residential,54.607266,-1.0784303,892.7150257438319
delac0442,,residential,1.352246,103.7168817,42.34402933325038
delac0442,,residential,1.3518293,103.7189144,195.51958577504868
delac0442,Spring Haven @ Jurong,residential,1.3540395,103.7197654,336.3424696347057
delac0442,Golden Peony,residential,1.3480979,103.7154627,514.7036851689166
delac0442,Hong Kah Ville,residential,1.3500746,103.7215963,547.3647217570405
delac0443,,residential,1.352246,103.7168817,42.34402933325038
delac0443,,residential,1.3518293,103.7189144,195.51958577504868
delac0443,Spring Haven @ Jurong,residential,1.3540395,103.7197654,336.3424696347057
delac0443,Golden Peony,residential,1.3480979,103.7154627,514.7036851689166
delac0443,Hong Kah Ville,residential,1.3500746,103.7215963,547.3647217570405
delac0444,,residential,1.352246,103.7168817,42.34402933325038
delac0444,,residential,1.3518293,103.7189144,195.51958577504868
delac0444,Spring Haven @ Jurong,residential,1.3540395,103.7197654,336.3424696347057
delac0444,Golden Peony,residential,1.3480979,103.7154627,514.7036851689166
delac0444,Hong Kah Ville,residential,1.3500746,103.7215963,547.3647217570405
delac0346,,residential,1.3362386,103.6950985,116.459436760962
delac0346,Jurong West Jewel,residential,1.3356629,103.6928632,149.62203357388992
delac0346,Kian Teck Hostel,residential,1.3334635,103.6939633,314.81490549550557
delac0346,Blue Stars Dormitory,residential,1.3331402,103.6949234,363.73563761650473
delac0346,Yunnan Gardens,residential,1.3379365,103.6910399,381.4766980037904
delac0347,,residential,1.3362386,103.6950985,116.459436760962
delac0347,Jurong West Jewel,residential,1.3356629,103.6928632,149.62203357388992
delac0347,Kian Teck Hostel,residential,1.3334635,103.6939633,314.81490549550557
delac0347,Blue Stars Dormitory,residential,1.3331402,103.6949234,363.73563761650473
delac0347,Yunnan Gardens,residential,1.3379365,103.6910399,381.4766980037904
delac0348,,residential,1.3362386,103.6950985,116.459436760962
delac0348,Jurong West Jewel,residential,1.3356629,103.6928632,149.62203357388992
delac0348,Kian Teck Hostel,residential,1.3334635,103.6939633,314.81490549550557
delac0348,Blue Stars Dormitory,residential,1.3331402,103.6949234,363.73563761650473
delac0348,Yunnan Gardens,residential,1.3379365,103.6910399,381.4766980037904
delac0349,Boon Lay Green,residential,1.3470863,103.7094863,80.11701120471604
delac0349,Boon Lay Grove,residential,1.3487712,103.7093983,218.04828930196757
delac0349,Boon Lay Vista,residential,1.3452191,103.7112669,229.0760462938731
delac0349,Boon Lay Meadow,residential,1.3481922,103.7084574,235.85538159484614
delac0349,Boon Lay Court,residential,1.3476633,103.7078715,269.65440257547596
delac0350,Boon Lay Green,residential,1.3470863,103.7094863,80.11701120471604
delac0350,Boon Lay Grove,residential,1.3487712,103.7093983,218.04828930196757
delac0350,Boon Lay Vista,residential,1.3452191,103.7112669,229.0760462938731
delac0350,Boon Lay Meadow,residential,1.3481922,103.7084574,235.85538159484614
delac0350,Boon Lay Court,residential,1.3476633,103.7078715,269.65440257547596
delac0351,Boon Lay Green,residential,1.3470863,103.7094863,80.11701120471604
delac0351,Boon Lay Grove,residential,1.3487712,103.7093983,218.04828930196757
delac0351,Boon Lay Vista,residential,1.3452191,103.7112669,229.0760462938731
delac0351,Boon Lay Meadow,residential,1.3481922,103.7084574,235.85538159484614
delac0351,Boon Lay Court,residential,1.3476633,103.7078715,269.65440257547596
delac0406,Sembawang Riverlodge,residential,1.4557823,103.8142965,56.46571071611326
delac0406,Spring Lodge,residential,1.4555544,103.8138363,111.27745625790381
delac0406,Sembawang Green,residential,1.4560707,103.8164752,205.67036951807955
delac0406,,residential,1.4545563,103.8137152,205.86742496573945
delac0406,,residential,1.4528436,103.8175732,493.78396765233003
delac0407,Sembawang Riverlodge,residential,1.4557823,103.8142965,56.46571071611326
delac0407,Spring Lodge,residential,1.4555544,103.8138363,111.27745625790381
delac0407,Sembawang Green,residential,1.4560707,103.8164752,205.67036951807955
delac0407,,residential,1.4545563,103.8137152,205.86742496573945
delac0407,,residential,1.4528436,103.8175732,493.78396765233003
delac0408,Sembawang Riverlodge,residential,1.4557823,103.8142965,56.46571071611326
delac0408,Spring Lodge,residential,1.4555544,103.8138363,111.27745625790381
delac0408,Sembawang Green,residential,1.4560707,103.8164752,205.67036951807955
delac0408,,residential,1.4545563,103.8137152,205.86742496573945
delac0408,,residential,1.4528436,103.8175732,493.78396765233003
wbac0191,Jurong Town Corporation Bedok Food City,industrial,1.3375996,103.9439845,61.370944462041166
wbac0191,,industrial,1.3399255,103.9438309,271.7267000778831
wbac0191,,industrial,1.3403014,103.9442668,303.4445746618857
wbac0191,Tampines Industrial Park,industrial,1.3406197,103.9432317,367.2103930686304
wbac0191,,industrial,1.3420547,103.9438655,502.4845454636336
wbac0192,Jurong Town Corporation Bedok Food City,industrial,1.3375996,103.9439845,61.370944462041166
wbac0192,,industrial,1.3399255,103.9438309,271.7267000778831
wbac0192,,industrial,1.3403014,103.9442668,303.4445746618857
wbac0192,Tampines Industrial Park,industrial,1.3406197,103.9432317,367.2103930686304
wbac0192,,industrial,1.3420547,103.9438655,502.4845454636336
wbac0193,Jurong Town Corporation Bedok Food City,industrial,1.3375996,103.9439845,61.370944462041166
wbac0193,,industrial,1.3399255,103.9438309,271.7267000778831
wbac0193,,industrial,1.3403014,103.9442668,303.4445746618857
wbac0193,Tampines Industrial Park,industrial,1.3406197,103.9432317,367.2103930686304
wbac0193,,industrial,1.3420547,103.9438655,502.4845454636336
wbac0194,Jurong Town Corporation Bedok Food City,industrial,1.3375996,103.9439845,61.370944462041166
wbac0194,,industrial,1.3399255,103.9438309,271.7267000778831
wbac0194,,industrial,1.3403014,103.9442668,303.4445746618857
wbac0194,Tampines Industrial Park,industrial,1.3406197,103.9432317,367.2103930686304
wbac0194,,industrial,1.3420547,103.9438655,502.4845454636336
delac0433,,residential,1.4385728,103.8386413,114.83971255230024
delac0433,,residential,1.4366929,103.8410911,230.15647841403847
delac0433,,industrial,1.43869,103.8424993,336.11857133051836
delac0433,Yishun Sunshine,residential,1.4348323,103.8405143,375.39218548070295
delac0433,Yishun Hearts,residential,1.4336353,103.8384316,507.7605979433417
delac0434,,residential,1.4385728,103.8386413,114.83971255230024
delac0434,,residential,1.4366929,103.8410911,230.15647841403847
delac0434,,industrial,1.43869,103.8424993,336.11857133051836
delac0434,Yishun Sunshine,residential,1.4348323,103.8405143,375.39218548070295
delac0434,Yishun Hearts,residential,1.4336353,103.8384316,507.7605979433417
delac0435,,residential,1.4385728,103.8386413,114.83971255230024
delac0435,,residential,1.4366929,103.8410911,230.15647841403847
delac0435,,industrial,1.43869,103.8424993,336.11857133051836
delac0435,Yishun Sunshine,residential,1.4348323,103.8405143,375.39218548070295
delac0435,Yishun Hearts,residential,1.4336353,103.8384316,507.7605979433417
delac0373,,residential,1.3422445,103.7023417,170.59755285810505
delac0373,Edelweiss @ Jurong,residential,1.3439205,103.7047875,176.98832736230622
delac0373,,residential,1.3421057,103.7064948,303.5824939522088
delac0373,,residential,1.3444303,103.7016818,308.8759488719375
delac0373,,residential,1.3390245,103.7026188,425.35204744956417
delac0374,,residential,1.3422445,103.7023417,170.59755285810505
delac0374,Edelweiss @ Jurong,residential,1.3439205,103.7047875,176.98832736230622
delac0374,,residential,1.3421057,103.7064948,303.5824939522088
delac0374,,residential,1.3444303,103.7016818,308.8759488719375
delac0374,,residential,1.3390245,103.7026188,425.35204744956417
delac0375,,residential,1.3422445,103.7023417,170.59755285810505
delac0375,Edelweiss @ Jurong,residential,1.3439205,103.7047875,176.98832736230622
delac0375,,residential,1.3421057,103.7064948,303.5824939522088
delac0375,,residential,1.3444303,103.7016818,308.8759488719375
delac0375,,residential,1.3390245,103.7026188,425.35204744956417
delac0400,Eastbank @ Canberra,residential,1.4475118,103.8339242,46.291432473742
delac0400,Eastlawn@Canberra,residential,1.4478387,103.8317909,193.8675022910224
delac0400,Eastbrook@Canberra,residential,1.449303,103.8325316,217.67886253403358
delac0400,Eastwave@Canberra,residential,1.4462802,103.8318928,233.87854763057004
delac0400,EastDelta@Canberra,residential,1.4458704,103.8347851,239.41925870765715
delac0401,Eastbank @ Canberra,residential,1.4475118,103.8339242,46.291432473742
delac0401,Eastlawn@Canberra,residential,1.4478387,103.8317909,193.8675022910224
delac0401,Eastbrook@Canberra,residential,1.449303,103.8325316,217.67886253403358
delac0401,Eastwave@Canberra,residential,1.4462802,103.8318928,233.87854763057004
delac0401,EastDelta@Canberra,residential,1.4458704,103.8347851,239.41925870765715
delac0402,Eastbank @ Canberra,residential,1.4475118,103.8339242,46.291432473742
delac0402,Eastlawn@Canberra,residential,1.4478387,103.8317909,193.8675022910224
delac0402,Eastbrook@Canberra,residential,1.449303,103.8325316,217.67886253403358
delac0402,Eastwave@Canberra,residential,1.4462802,103.8318928,233.87854763057004
delac0402,EastDelta@Canberra,residential,1.4458704,103.8347851,239.41925870765715
delac0343,,residential,1.3395574,103.6969134,154.5258164391943
delac0343,Golden Lavender,residential,1.3428349,103.6969737,225.9877157415089
delac0343,,residential,1.3421845,103.6991053,238.94938133320994
delac0343,,residential,1.3417059,103.6948298,303.0872536822978
delac0343,,residential,1.3390172,103.7000346,355.19333041685746
delac0344,,residential,1.3395574,103.6969134,154.5258164391943
delac0344,Golden Lavender,residential,1.3428349,103.6969737,225.9877157415089
delac0344,,residential,1.3421845,103.6991053,238.94938133320994
delac0344,,residential,1.3417059,103.6948298,303.0872536822978
delac0344,,residential,1.3390172,103.7000346,355.19333041685746
delac0345,,residential,1.3395574,103.6969134,154.5258164391943
delac0345,Golden Lavender,residential,1.3428349,103.6969737,225.9877157415089
delac0345,,residential,1.3421845,103.6991053,238.94938133320994
delac0345,,residential,1.3417059,103.6948298,303.0872536822978
delac0345,,residential,1.3390172,103.7000346,355.19333041685746
delac0328,J Gateway,residential,1.335836,103.7421455,228.00672020058187
delac0328,Jurong East View,residential,1.3374438,103.742385,372.1484558783096
delac0328,Ivory Heights,residential,1.3360914,103.7364266,467.8263839846856
delac0328,Westmere,residential,1.3374512,103.7364647,532.3823509793509
delac0328,Jurong East Ville,residential,1.3382278,103.7369733,544.5484040874319
delac0329,J Gateway,residential,1.335836,103.7421455,228.00672020058187
delac0329,Jurong East View,residential,1.3374438,103.742385,372.1484558783096
delac0329,Ivory Heights,residential,1.3360914,103.7364266,467.8263839846856
delac0329,Westmere,residential,1.3374512,103.7364647,532.3823509793509
delac0329,Jurong East Ville,residential,1.3382278,103.7369733,544.5484040874319
delac0330,J Gateway,residential,1.335836,103.7421455,228.00672020058187
delac0330,Jurong East View,residential,1.3374438,103.742385,372.1484558783096
delac0330,Ivory Heights,residential,1.3360914,103.7364266,467.8263839846856
delac0330,Westmere,residential,1.3374512,103.7364647,532.3823509793509
delac0330,Jurong East Ville,residential,1.3382278,103.7369733,544.5484040874319
scdc0020,J Gateway,residential,1.335836,103.7421455,518.9866977086135
scdc0020,Jurong East View,residential,1.3374438,103.742385,699.3480084046323
scdc0020,,industrial,1.3250936,103.7402272,699.3818544716681
scdc0020,Ivory Heights,residential,1.3360914,103.7364266,810.2547559846399
scdc0020,,industrial,1.3230339,103.7426473,910.6240463621762
wbac0185,J Gateway,residential,1.335836,103.7421455,518.9866977086135
wbac0185,Jurong East View,residential,1.3374438,103.742385,699.3480084046323
wbac0185,,industrial,1.3250936,103.7402272,699.3818544716681
wbac0185,Ivory Heights,residential,1.3360914,103.7364266,810.2547559846399
wbac0185,,industrial,1.3230339,103.7426473,910.6240463621762
wbac0186,J Gateway,residential,1.335836,103.7421455,518.9866977086135
wbac0186,Jurong East View,residential,1.3374438,103.742385,699.3480084046323
wbac0186,,industrial,1.3250936,103.7402272,699.3818544716681
wbac0186,Ivory Heights,residential,1.3360914,103.7364266,810.2547559846399
wbac0186,,industrial,1.3230339,103.7426473,910.6240463621762
delac0313,Floral Spring @ Yishun,residential,1.422654,103.8467778,122.41136437685549
delac0313,The Canopy,residential,1.4243408,103.8481858,124.35404344258355
delac0313,Yishun Spring,residential,1.4218657,103.8473041,191.9414499065158
delac0313,Lilydale,residential,1.4243748,103.8490814,210.6956691868592
delac0313,Orchid Spring @ Yishun,residential,1.4219302,103.8487938,244.2607447411428
delac0314,Floral Spring @ Yishun,residential,1.422654,103.8467778,122.41136437685549
delac0314,The Canopy,residential,1.4243408,103.8481858,124.35404344258355
delac0314,Yishun Spring,residential,1.4218657,103.8473041,191.9414499065158
delac0314,Lilydale,residential,1.4243748,103.8490814,210.6956691868592
delac0314,Orchid Spring @ Yishun,residential,1.4219302,103.8487938,244.2607447411428
delac0315,Floral Spring @ Yishun,residential,1.422654,103.8467778,122.41136437685549
delac0315,The Canopy,residential,1.4243408,103.8481858,124.35404344258355
delac0315,Yishun Spring,residential,1.4218657,103.8473041,191.9414499065158
delac0315,Lilydale,residential,1.4243748,103.8490814,210.6956691868592
delac0315,Orchid Spring @ Yishun,residential,1.4219302,103.8487938,244.2607447411428
delac0331,,residential,1.402064,103.7474335,214.67614423941006
delac0331,,residential,1.4013258,103.7499619,389.629850842823
delac0331,,residential,1.399786,103.7471011,470.63470690380507
delac0331,Regent Grove,residential,1.3994172,103.7491772,534.1648348890013
delac0331,,residential,1.4006834,103.7514248,555.2142820361346
delac0332,,residential,1.402064,103.7474335,214.67614423941006
delac0332,,residential,1.4013258,103.7499619,389.629850842823
delac0332,,residential,1.399786,103.7471011,470.63470690380507
delac0332,Regent Grove,residential,1.3994172,103.7491772,534.1648348890013
delac0332,,residential,1.4006834,103.7514248,555.2142820361346
delac0333,,residential,1.402064,103.7474335,214.67614423941006
delac0333,,residential,1.4013258,103.7499619,389.629850842823
delac0333,,residential,1.399786,103.7471011,470.63470690380507
delac0333,Regent Grove,residential,1.3994172,103.7491772,534.1648348890013
delac0333,,residential,1.4006834,103.7514248,555.2142820361346
delac0337,Yishun Central,residential,1.4265981,103.8371215,83.45757944326168
delac0337,North Park Residences,residential,1.4276573,103.8362573,228.68605117333658
delac0337,Nee Soon Central View,residential,1.4227232,103.8398768,460.51837295205235
delac0337,Nee Soon Central Green,residential,1.4267251,103.8335994,471.08883901517265
delac0337,Adora Green,residential,1.4273319,103.8420239,481.00276015215564
delac0338,Yishun Central,residential,1.4265981,103.8371215,83.45757944326168
delac0338,North Park Residences,residential,1.4276573,103.8362573,228.68605117333658
delac0338,Nee Soon Central View,residential,1.4227232,103.8398768,460.51837295205235
delac0338,Nee Soon Central Green,residential,1.4267251,103.8335994,471.08883901517265
delac0338,Adora Green,residential,1.4273319,103.8420239,481.00276015215564
delac0339,Yishun Central,residential,1.4265981,103.8371215,83.45757944326168
delac0339,North Park Residences,residential,1.4276573,103.8362573,228.68605117333658
delac0339,Nee Soon Central View,residential,1.4227232,103.8398768,460.51837295205235
delac0339,Nee Soon Central Green,residential,1.4267251,103.8335994,471.08883901517265
delac0339,Adora Green,residential,1.4273319,103.8420239,481.00276015215564
delac0304,Woodleigh Hillside,residential,1.3428678,103.8745593,159.62819853194625
delac0304,ParkEdge @ Bidadari,residential,1.3407769,103.8765367,160.86124151224823
delac0304,Bartley GreenRise,residential,1.3426351,103.8774985,243.74899313444232
delac0304,Gambir Ridge,residential,1.3444503,103.8757076,299.12588801673417
delac0304,Casa Espania,residential,1.3448231,103.8751967,341.0435391471331
delac0305,Woodleigh Hillside,residential,1.3428678,103.8745593,159.62819853194625
delac0305,ParkEdge @ Bidadari,residential,1.3407769,103.8765367,160.86124151224823
delac0305,Bartley GreenRise,residential,1.3426351,103.8774985,243.74899313444232
delac0305,Gambir Ridge,residential,1.3444503,103.8757076,299.12588801673417
delac0305,Casa Espania,residential,1.3448231,103.8751967,341.0435391471331
delac0306,Woodleigh Hillside,residential,1.3428678,103.8745593,159.62819853194625
delac0306,ParkEdge @ Bidadari,residential,1.3407769,103.8765367,160.86124151224823
delac0306,Bartley GreenRise,residential,1.3426351,103.8774985,243.74899313444232
delac0306,Gambir Ridge,residential,1.3444503,103.8757076,299.12588801673417
delac0306,Casa Espania,residential,1.3448231,103.8751967,341.0435391471331
wals22130002,,industrial,45.9154844,-66.6257302,344.5572333531678
wals22130002,,industrial,45.9211938,-66.6193799,535.6680622354255
wals22130002,,industrial,45.91168,-66.6232022,564.2001767845711
wals22130002,,industrial,45.9136884,-66.614879,613.5984802799369
wals22130002,,residential,45.9263949,-66.6181833,1117.495681117502
wbac0051,,industrial,45.9154844,-66.6257302,344.5572333531678
wbac0051,,industrial,45.9211938,-66.6193799,535.6680622354255
wbac0051,,industrial,45.91168,-66.6232022,564.2001767845711
wbac0051,,industrial,45.9136884,-66.614879,613.5984802799369
wbac0051,,residential,45.9263949,-66.6181833,1117.495681117502
wbac0052,,industrial,45.9154844,-66.6257302,344.5572333531678
wbac0052,,industrial,45.9211938,-66.6193799,535.6680622354255
wbac0052,,industrial,45.91168,-66.6232022,564.2001767845711
wbac0052,,industrial,45.9136884,-66.614879,613.5984802799369
wbac0052,,residential,45.9263949,-66.6181833,1117.495681117502
wbac0173,,industrial,1.2907224,103.6265993,189.42332239025782
wbac0173,CIBA Vision,industrial,1.2902855,103.628505,264.55492719257245
wbac0173,,industrial,1.291527,103.6268975,282.1802527888568
wbac0173,,industrial,1.2863062,103.6261703,304.09921993612414
wbac0173,,residential,1.2859572,103.6223026,576.7841376951142
wbac0174,,industrial,1.2907224,103.6265993,189.42332239025782
wbac0174,CIBA Vision,industrial,1.2902855,103.628505,264.55492719257245
wbac0174,,industrial,1.291527,103.6268975,282.1802527888568
wbac0174,,industrial,1.2863062,103.6261703,304.09921993612414
wbac0174,,residential,1.2859572,103.6223026,576.7841376951142
wbac0175,,industrial,1.2907224,103.6265993,189.42332239025782
wbac0175,CIBA Vision,industrial,1.2902855,103.628505,264.55492719257245
wbac0175,,industrial,1.291527,103.6268975,282.1802527888568
wbac0175,,industrial,1.2863062,103.6261703,304.09921993612414
wbac0175,,residential,1.2859572,103.6223026,576.7841376951142
wbac0176,,industrial,1.2907224,103.6265993,189.42332239025782
wbac0176,CIBA Vision,industrial,1.2902855,103.628505,264.55492719257245
wbac0176,,industrial,1.291527,103.6268975,282.1802527888568
wbac0176,,industrial,1.2863062,103.6261703,304.09921993612414
wbac0176,,residential,1.2859572,103.6223026,576.7841376951142
delac0376,,residential,1.4198205,103.840531,113.67363590332559
delac0376,Vine Grove,residential,1.4186621,103.8420767,155.90986931945798
delac0376,Palm Breeze,residential,1.4167607,103.8409056,229.15822340446607
delac0376,Fern Grove @ Yishun,residential,1.4200669,103.8424985,245.6204275156684
delac0376,Khatib Evergreen,residential,1.4172049,103.8391082,249.86554923177897
delac0377,,residential,1.4198205,103.840531,113.67363590332559
delac0377,Vine Grove,residential,1.4186621,103.8420767,155.90986931945798
delac0377,Palm Breeze,residential,1.4167607,103.8409056,229.15822340446607
delac0377,Fern Grove @ Yishun,residential,1.4200669,103.8424985,245.6204275156684
delac0377,Khatib Evergreen,residential,1.4172049,103.8391082,249.86554923177897
delac0378,,residential,1.4198205,103.840531,113.67363590332559
delac0378,Vine Grove,residential,1.4186621,103.8420767,155.90986931945798
delac0378,Palm Breeze,residential,1.4167607,103.8409056,229.15822340446607
delac0378,Fern Grove @ Yishun,residential,1.4200669,103.8424985,245.6204275156684
delac0378,Khatib Evergreen,residential,1.4172049,103.8391082,249.86554923177897
wbac0137,,industrial,1.3267083,103.7149782,557.7504381671266
wbac0137,,industrial,1.3201956,103.7150346,737.3704599691714
wbac0137,,industrial,1.3283588,103.7019636,1006.8485648761692
wbac0137,GlaxoSmithKline,industrial,1.3343401,103.7097895,1056.226430286628
wbac0137,,industrial,1.3338787,103.7134988,1063.8747579918436
wbac0138,,industrial,1.3267083,103.7149782,557.7504381671266
wbac0138,,industrial,1.3201956,103.7150346,737.3704599691714
wbac0138,,industrial,1.3283588,103.7019636,1006.8485648761692
wbac0138,GlaxoSmithKline,industrial,1.3343401,103.7097895,1056.226430286628
wbac0138,,industrial,1.3338787,103.7134988,1063.8747579918436
wbac0139,,industrial,1.3267083,103.7149782,557.7504381671266
wbac0139,,industrial,1.3201956,103.7150346,737.3704599691714
wbac0139,,industrial,1.3283588,103.7019636,1006.8485648761692
wbac0139,GlaxoSmithKline,industrial,1.3343401,103.7097895,1056.226430286628
wbac0139,,industrial,1.3338787,103.7134988,1063.8747579918436
wbac0140,,industrial,1.3267083,103.7149782,557.7504381671266
wbac0140,,industrial,1.3201956,103.7150346,737.3704599691714
wbac0140,,industrial,1.3283588,103.7019636,1006.8485648761692
wbac0140,GlaxoSmithKline,industrial,1.3343401,103.7097895,1056.226430286628
wbac0140,,industrial,1.3338787,103.7134988,1063.8747579918436
delac0298,,residential,1.3421057,103.7064948,114.6637609749699
delac0298,Edelweiss @ Jurong,residential,1.3439205,103.7047875,174.3024096950182
delac0298,Jurong West Blossom,residential,1.3409536,103.7080866,332.0571642433237
delac0298,,residential,1.3422445,103.7023417,360.58230497992463
delac0298,Boon Lay Crest,residential,1.3455515,103.7074152,390.6209521422726
delac0299,,residential,1.3421057,103.7064948,114.6637609749699
delac0299,Edelweiss @ Jurong,residential,1.3439205,103.7047875,174.3024096950182
delac0299,Jurong West Blossom,residential,1.3409536,103.7080866,332.0571642433237
delac0299,,residential,1.3422445,103.7023417,360.58230497992463
delac0299,Boon Lay Crest,residential,1.3455515,103.7074152,390.6209521422726
delac0300,,residential,1.3421057,103.7064948,114.6637609749699
delac0300,Edelweiss @ Jurong,residential,1.3439205,103.7047875,174.3024096950182
delac0300,Jurong West Blossom,residential,1.3409536,103.7080866,332.0571642433237
delac0300,,residential,1.3422445,103.7023417,360.58230497992463
delac0300,Boon Lay Crest,residential,1.3455515,103.7074152,390.6209521422726
wbac0093,Marine Terrace Walk,residential,1.3042487,103.9174192,116.3183808432161
wbac0093,Marine Terrace Breeze,residential,1.3038853,103.9147028,360.0484244313859
wbac0093,Marine Terrace Haven,residential,1.3058878,103.9152298,411.5356266700517
wbac0093,Grand Duchess,residential,1.3079336,103.9160023,554.8259331929105
wbac0093,Neptune Court,residential,1.3065294,103.9219261,573.5541154039043
wbac0094,Marine Terrace Walk,residential,1.3042487,103.9174192,116.3183808432161
wbac0094,Marine Terrace Breeze,residential,1.3038853,103.9147028,360.0484244313859
wbac0094,Marine Terrace Haven,residential,1.3058878,103.9152298,411.5356266700517
wbac0094,Grand Duchess,residential,1.3079336,103.9160023,554.8259331929105
wbac0094,Neptune Court,residential,1.3065294,103.9219261,573.5541154039043
wbac0049,Farrer Park View,residential,1.3117106,103.8516987,215.11138234701102
wbac0049,Farrer Park Hospital,hospital,1.3126,103.854,263.52169033112136
wbac0049,StarMed Specialist Centre,hospital,1.3122814,103.8546429,269.13059425307233
wbac0049,Farrer Park Gardens,residential,1.3137552,103.8520598,391.3973843999739
wbac0049,Farrer Park Gardens,residential,1.31299,103.8504927,410.3401265200441
wbac0050,Farrer Park View,residential,1.3117106,103.8516987,215.11138234701102
wbac0050,Farrer Park Hospital,hospital,1.3126,103.854,263.52169033112136
wbac0050,StarMed Specialist Centre,hospital,1.3122814,103.8546429,269.13059425307233
wbac0050,Farrer Park Gardens,residential,1.3137552,103.8520598,391.3973843999739
wbac0050,Farrer Park Gardens,residential,1.31299,103.8504927,410.3401265200441
wbac0061,Legenda,residential,1.3129418,103.9018277,179.8988111422149
wbac0061,,residential,1.3125523,103.8992287,197.39540528976303
wbac0061,The Carpmaelina,residential,1.3127404,103.8980126,298.45643223985326
wbac0061,,residential,1.3152438,103.9035348,375.6196973939756
wbac0061,Chai Chee Community Hub,industrial,1.317378,103.8998438,401.49709791582796
wbac0062,Legenda,residential,1.3129418,103.9018277,179.8988111422149
wbac0062,,residential,1.3125523,103.8992287,197.39540528976303
wbac0062,The Carpmaelina,residential,1.3127404,103.8980126,298.45643223985326
wbac0062,,residential,1.3152438,103.9035348,375.6196973939756
wbac0062,Chai Chee Community Hub,industrial,1.317378,103.8998438,401.49709791582796
wbac0017,,residential,1.3836029,103.7456338,93.47350708578931
wbac0017,,residential,1.3827955,103.743643,206.43628139055838
wbac0017,Choa Chu Kang Town Centre,residential,1.3849019,103.7428944,246.0597050647079
wbac0017,Mi Casa,residential,1.3841635,103.7480823,347.2102538410355
wbac0017,The Warren,residential,1.3867978,103.7431719,359.35854228128164
wbac0018,,residential,1.3836029,103.7456338,93.47350708578931
wbac0018,,residential,1.3827955,103.743643,206.43628139055838
wbac0018,Choa Chu Kang Town Centre,residential,1.3849019,103.7428944,246.0597050647079
wbac0018,Mi Casa,residential,1.3841635,103.7480823,347.2102538410355
wbac0018,The Warren,residential,1.3867978,103.7431719,359.35854228128164
wbac0019,culinary studio,school,1.316476,103.8965304,22.22017642720693
wbac0019,Sri Geylang Serai,residential,1.3173611,103.8981945,189.1759118165801
wbac0019,,residential,1.3185024,103.8983915,289.7026225098075
wbac0019,Chai Chee Community Hub,industrial,1.317378,103.8998438,359.8537105796005
wbac0019,Haig Vista,residential,1.3135757,103.8952939,361.7899484684627
wbac0020,culinary studio,school,1.316476,103.8965304,22.22017642720693
wbac0020,Sri Geylang Serai,residential,1.3173611,103.8981945,189.1759118165801
wbac0020,,residential,1.3185024,103.8983915,289.7026225098075
wbac0020,Chai Chee Community Hub,industrial,1.317378,103.8998438,359.8537105796005
wbac0020,Haig Vista,residential,1.3135757,103.8952939,361.7899484684627
wbac0007,,residential,1.3290507,103.9321499,238.8739495330753
wbac0007,Linear Green @ Bedok,residential,1.3252346,103.934108,297.98727975737233
wbac0007,Bedok North Woods,residential,1.3298478,103.9327136,336.1626500452521
wbac0007,Rainbow Ville,residential,1.3295416,103.9338854,359.3686250465556
wbac0007,Garden Hill,residential,1.3284919,103.9288884,389.53630785484734
wbac0008,,residential,1.3290507,103.9321499,238.8739495330753
wbac0008,Linear Green @ Bedok,residential,1.3252346,103.934108,297.98727975737233
wbac0008,Bedok North Woods,residential,1.3298478,103.9327136,336.1626500452521
wbac0008,Rainbow Ville,residential,1.3295416,103.9338854,359.3686250465556
wbac0008,Garden Hill,residential,1.3284919,103.9288884,389.53630785484734
wbac0009,,residential,1.3290507,103.9321499,238.8739495330753
wbac0009,Linear Green @ Bedok,residential,1.3252346,103.934108,297.98727975737233
wbac0009,Bedok North Woods,residential,1.3298478,103.9327136,336.1626500452521
wbac0009,Rainbow Ville,residential,1.3295416,103.9338854,359.3686250465556
wbac0009,Garden Hill,residential,1.3284919,103.9288884,389.53630785484734
wbac0010,,residential,1.3290507,103.9321499,238.8739495330753
wbac0010,Linear Green @ Bedok,residential,1.3252346,103.934108,297.98727975737233
wbac0010,Bedok North Woods,residential,1.3298478,103.9327136,336.1626500452521
wbac0010,Rainbow Ville,residential,1.3295416,103.9338854,359.3686250465556
wbac0010,Garden Hill,residential,1.3284919,103.9288884,389.53630785484734
wbac0153,Jurong Town Corporation Bedok Food City,industrial,1.3375996,103.9439845,396.7441648258506
wbac0153,,residential,1.3407233,103.9480607,451.79978369539725
wbac0153,Eastpoint Green,residential,1.3390942,103.9509891,475.4507054089006
wbac0153,,residential,1.3328334,103.9456129,476.3010878892378
wbac0153,Palmwoods,residential,1.3323293,103.9474134,486.87610137287504
wbac0154,Jurong Town Corporation Bedok Food City,industrial,1.3375996,103.9439845,396.7441648258506
wbac0154,,residential,1.3407233,103.9480607,451.79978369539725
wbac0154,Eastpoint Green,residential,1.3390942,103.9509891,475.4507054089006
wbac0154,,residential,1.3328334,103.9456129,476.3010878892378
wbac0154,Palmwoods,residential,1.3323293,103.9474134,486.87610137287504
wbac0155,Jurong Town Corporation Bedok Food City,industrial,1.3375996,103.9439845,396.7441648258506
wbac0155,,residential,1.3407233,103.9480607,451.79978369539725
wbac0155,Eastpoint Green,residential,1.3390942,103.9509891,475.4507054089006
wbac0155,,residential,1.3328334,103.9456129,476.3010878892378
wbac0155,Palmwoods,residential,1.3323293,103.9474134,486.87610137287504
wbac0156,Jurong Town Corporation Bedok Food City,industrial,1.3375996,103.9439845,396.7441648258506
wbac0156,,residential,1.3407233,103.9480607,451.79978369539725
wbac0156,Eastpoint Green,residential,1.3390942,103.9509891,475.4507054089006
wbac0156,,residential,1.3328334,103.9456129,476.3010878892378
wbac0156,Palmwoods,residential,1.3323293,103.9474134,486.87610137287504
scdc0007,,residential,1.3328608,103.8803566,158.58400782693124
scdc0007,Joo Seng Green,residential,1.334446,103.8793886,249.0024967325323
scdc0007,,residential,1.3302305,103.8809734,306.1761335085074
scdc0007,,residential,1.3345589,103.8808236,323.75039683830846
scdc0007,,residential,1.3299475,103.8822492,434.27464893355403
wapd22170005,,industrial,1.3587556,103.8382323,199.14879092420657
wapd22170005,Sin Ming Ville,residential,1.3574209,103.8392571,322.6412843829227
wapd22170005,,residential,1.358118,103.8427734,475.3835496316963
wapd22170005,,residential,1.362913,103.8354029,502.76243406888
wapd22170005,,residential,1.3609555,103.8442005,570.6234555890283
wbac0149,Jurong Town Corporation Bedok Food City,industrial,1.3375996,103.9439845,229.6226754691043
wbac0149,,industrial,1.3399255,103.9438309,398.1989707369935
wbac0149,,industrial,1.3403014,103.9442668,407.63912383161596
wbac0149,,residential,1.3407233,103.9480607,468.6205460460926
wbac0149,,residential,1.3328334,103.9456129,471.62694875640943
wbac0150,Jurong Town Corporation Bedok Food City,industrial,1.3375996,103.9439845,229.6226754691043
wbac0150,,industrial,1.3399255,103.9438309,398.1989707369935
wbac0150,,industrial,1.3403014,103.9442668,407.63912383161596
wbac0150,,residential,1.3407233,103.9480607,468.6205460460926
wbac0150,,residential,1.3328334,103.9456129,471.62694875640943
wbac0151,Jurong Town Corporation Bedok Food City,industrial,1.3375996,103.9439845,229.6226754691043
wbac0151,,industrial,1.3399255,103.9438309,398.1989707369935
wbac0151,,industrial,1.3403014,103.9442668,407.63912383161596
wbac0151,,residential,1.3407233,103.9480607,468.6205460460926
wbac0151,,residential,1.3328334,103.9456129,471.62694875640943
wbac0152,Jurong Town Corporation Bedok Food City,industrial,1.3375996,103.9439845,229.6226754691043
wbac0152,,industrial,1.3399255,103.9438309,398.1989707369935
wbac0152,,industrial,1.3403014,103.9442668,407.63912383161596
wbac0152,,residential,1.3407233,103.9480607,468.6205460460926
wbac0152,,residential,1.3328334,103.9456129,471.62694875640943
scdc0011,,industrial,1.3587556,103.8382323,105.30862741526616
scdc0011,Sin Ming Ville,residential,1.3574209,103.8392571,290.6040301416105
scdc0011,Midview City,industrial,1.3590672,103.833887,444.0231031766284
scdc0011,,residential,1.362913,103.8354029,455.7793606214031
scdc0011,,residential,1.3614352,103.8337677,496.0002945294535
scdc0006,,residential,-36.7460763,174.7448723,77.65821414365307
scdc0006,,residential,-36.7485011,174.7449388,194.35633742977222
scdc0006,,residential,-36.745089,174.7424083,301.06553570140403
scdc0006,,residential,-36.749441,174.7444029,304.38232799524513
scdc0006,,residential,-36.7450914,174.7478615,310.0283516766637
delac0204,Alkaff Breeze,residential,1.3367876,103.8745545,123.45736208714511
delac0204,ParkView @ Bidadari,residential,1.3385277,103.8748394,158.04069035974447
delac0204,Alkaff Lakeview,residential,1.3368051,103.8732753,257.90093939405034
delac0204,ParkEdge @ Bidadari,residential,1.3407769,103.8765367,402.83210398736816
delac0204,Alkaff Oasis,residential,1.3346799,103.8726843,430.62420306510865
delac0205,Alkaff Breeze,residential,1.3367876,103.8745545,123.45736208714511
delac0205,ParkView @ Bidadari,residential,1.3385277,103.8748394,158.04069035974447
delac0205,Alkaff Lakeview,residential,1.3368051,103.8732753,257.90093939405034
delac0205,ParkEdge @ Bidadari,residential,1.3407769,103.8765367,402.83210398736816
delac0205,Alkaff Oasis,residential,1.3346799,103.8726843,430.62420306510865
delac0206,Alkaff Breeze,residential,1.3367876,103.8745545,123.45736208714511
delac0206,ParkView @ Bidadari,residential,1.3385277,103.8748394,158.04069035974447
delac0206,Alkaff Lakeview,residential,1.3368051,103.8732753,257.90093939405034
delac0206,ParkEdge @ Bidadari,residential,1.3407769,103.8765367,402.83210398736816
delac0206,Alkaff Oasis,residential,1.3346799,103.8726843,430.62420306510865
wbac0197,Raffles Hall,residential,1.3000825,103.7733149,192.00418638557574
wbac0197,Valour House,residential,1.3005109,103.7748797,337.378898710804
wbac0197,UTown District Cooling Facility,industrial,1.3030378,103.7745006,363.06392649866024
wbac0197,Kent Vale,residential,1.3020869,103.7687896,363.4863570826576
wbac0197,Nelson Mandela House (UWCSEA Dover Campus),school,1.3029402,103.7751516,417.5145490082546
wbac0198,Raffles Hall,residential,1.3000825,103.7733149,192.00418638557574
wbac0198,Valour House,residential,1.3005109,103.7748797,337.378898710804
wbac0198,UTown District Cooling Facility,industrial,1.3030378,103.7745006,363.06392649866024
wbac0198,Kent Vale,residential,1.3020869,103.7687896,363.4863570826576
wbac0198,Nelson Mandela House (UWCSEA Dover Campus),school,1.3029402,103.7751516,417.5145490082546
delac0081,Kallang Breeze,residential,1.3141325,103.8740626,193.9569012414127
delac0081,Boon Keng Ville,residential,1.3150521,103.8711828,248.04902589972602
delac0081,Kallang Heights,residential,1.3135575,103.8725841,252.63608357356662
delac0081,Upper Boon Keng Riverview,residential,1.3183285,103.8742553,309.4833732976768
delac0081,,industrial,1.3148623,103.8767397,392.1372251942992
delac0082,Kallang Breeze,residential,1.3141325,103.8740626,193.9569012414127
delac0082,Boon Keng Ville,residential,1.3150521,103.8711828,248.04902589972602
delac0082,Kallang Heights,residential,1.3135575,103.8725841,252.63608357356662
delac0082,Upper Boon Keng Riverview,residential,1.3183285,103.8742553,309.4833732976768
delac0082,,industrial,1.3148623,103.8767397,392.1372251942992
delac0083,Kallang Breeze,residential,1.3141325,103.8740626,193.9569012414127
delac0083,Boon Keng Ville,residential,1.3150521,103.8711828,248.04902589972602
delac0083,Kallang Heights,residential,1.3135575,103.8725841,252.63608357356662
delac0083,Upper Boon Keng Riverview,residential,1.3183285,103.8742553,309.4833732976768
delac0083,,industrial,1.3148623,103.8767397,392.1372251942992
wbac0157,Eastpoint Green,residential,1.3390942,103.9509891,275.7600672779629
wbac0157,,residential,1.3407233,103.9480607,336.99041072473483
wbac0157,Integrated Building (CGH-SACH),hospital,1.3413012,103.9483102,393.9495527610286
wbac0157,Jurong Town Corporation Bedok Food City,industrial,1.3375996,103.9439845,543.6987798414187
wbac0157,,industrial,1.3403014,103.9442668,582.3783129287759
wbac0158,Eastpoint Green,residential,1.3390942,103.9509891,275.7600672779629
wbac0158,,residential,1.3407233,103.9480607,336.99041072473483
wbac0158,Integrated Building (CGH-SACH),hospital,1.3413012,103.9483102,393.9495527610286
wbac0158,Jurong Town Corporation Bedok Food City,industrial,1.3375996,103.9439845,543.6987798414187
wbac0158,,industrial,1.3403014,103.9442668,582.3783129287759
wbac0159,Eastpoint Green,residential,1.3390942,103.9509891,275.7600672779629
wbac0159,,residential,1.3407233,103.9480607,336.99041072473483
wbac0159,Integrated Building (CGH-SACH),hospital,1.3413012,103.9483102,393.9495527610286
wbac0159,Jurong Town Corporation Bedok Food City,industrial,1.3375996,103.9439845,543.6987798414187
wbac0159,,industrial,1.3403014,103.9442668,582.3783129287759
wbac0160,Eastpoint Green,residential,1.3390942,103.9509891,275.7600672779629
wbac0160,,residential,1.3407233,103.9480607,336.99041072473483
wbac0160,Integrated Building (CGH-SACH),hospital,1.3413012,103.9483102,393.9495527610286
wbac0160,Jurong Town Corporation Bedok Food City,industrial,1.3375996,103.9439845,543.6987798414187
wbac0160,,industrial,1.3403014,103.9442668,582.3783129287759
wbac0133,,residential,1.3328334,103.9456129,298.990275044417
wbac0133,Jurong Town Corporation Bedok Food City,industrial,1.3375996,103.9439845,338.6211850619369
wbac0133,Palmwoods,residential,1.3323293,103.9474134,375.693545151146
wbac0133,East Village,residential,1.3318121,103.9463444,406.8653476921993
wbac0133,D'Manor,residential,1.3305206,103.9461825,549.9543937144527
wbac0134,,residential,1.3328334,103.9456129,298.990275044417
wbac0134,Jurong Town Corporation Bedok Food City,industrial,1.3375996,103.9439845,338.6211850619369
wbac0134,Palmwoods,residential,1.3323293,103.9474134,375.693545151146
wbac0134,East Village,residential,1.3318121,103.9463444,406.8653476921993
wbac0134,D'Manor,residential,1.3305206,103.9461825,549.9543937144527
wbac0135,,residential,1.3328334,103.9456129,298.990275044417
wbac0135,Jurong Town Corporation Bedok Food City,industrial,1.3375996,103.9439845,338.6211850619369
wbac0135,Palmwoods,residential,1.3323293,103.9474134,375.693545151146
wbac0135,East Village,residential,1.3318121,103.9463444,406.8653476921993
wbac0135,D'Manor,residential,1.3305206,103.9461825,549.9543937144527
wbac0136,,residential,1.3328334,103.9456129,298.990275044417
wbac0136,Jurong Town Corporation Bedok Food City,industrial,1.3375996,103.9439845,338.6211850619369
wbac0136,Palmwoods,residential,1.3323293,103.9474134,375.693545151146
wbac0136,East Village,residential,1.3318121,103.9463444,406.8653476921993
wbac0136,D'Manor,residential,1.3305206,103.9461825,549.9543937144527
wbac0117,JTC LaunchPad @ one-north,industrial,1.2958497,103.787234,335.9117635640328
wbac0117,Nepal Hill (colonial bungalows),residential,1.3019546,103.7876571,406.54769485747653
wbac0117,One-North Residences,residential,1.3023845,103.7896645,447.64494017333664
wbac0117,One-North Eden,residential,1.3032748,103.7891146,536.4277756881762
wbac0117,Singapore Advanced Medicine Proton Therapy,hospital,1.3010276,103.7931057,562.1295463360265
wbac0118,JTC LaunchPad @ one-north,industrial,1.2958497,103.787234,335.9117635640328
wbac0118,Nepal Hill (colonial bungalows),residential,1.3019546,103.7876571,406.54769485747653
wbac0118,One-North Residences,residential,1.3023845,103.7896645,447.64494017333664
wbac0118,One-North Eden,residential,1.3032748,103.7891146,536.4277756881762
wbac0118,Singapore Advanced Medicine Proton Therapy,hospital,1.3010276,103.7931057,562.1295463360265
wbac0119,JTC LaunchPad @ one-north,industrial,1.2958497,103.787234,335.9117635640328
wbac0119,Nepal Hill (colonial bungalows),residential,1.3019546,103.7876571,406.54769485747653
wbac0119,One-North Residences,residential,1.3023845,103.7896645,447.64494017333664
wbac0119,One-North Eden,residential,1.3032748,103.7891146,536.4277756881762
wbac0119,Singapore Advanced Medicine Proton Therapy,hospital,1.3010276,103.7931057,562.1295463360265
wbac0120,JTC LaunchPad @ one-north,industrial,1.2958497,103.787234,335.9117635640328
wbac0120,Nepal Hill (colonial bungalows),residential,1.3019546,103.7876571,406.54769485747653
wbac0120,One-North Residences,residential,1.3023845,103.7896645,447.64494017333664
wbac0120,One-North Eden,residential,1.3032748,103.7891146,536.4277756881762
wbac0120,Singapore Advanced Medicine Proton Therapy,hospital,1.3010276,103.7931057,562.1295463360265
scdc0003,,residential,1.3425234,103.8555646,147.26087735426123
scdc0003,Bishan Green,residential,1.3449287,103.8535301,204.59420632944725
scdc0003,,residential,1.3415054,103.8545299,214.43068983072294
scdc0003,Golden Jasmine,residential,1.3455003,103.8540852,236.9785226182255
scdc0003,Bishan Towers,residential,1.344397,103.8568013,267.04377610447403
scdc0004,,residential,1.3425234,103.8555646,147.26087735426123
scdc0004,Bishan Green,residential,1.3449287,103.8535301,204.59420632944725
scdc0004,,residential,1.3415054,103.8545299,214.43068983072294
scdc0004,Golden Jasmine,residential,1.3455003,103.8540852,236.9785226182255
scdc0004,Bishan Towers,residential,1.344397,103.8568013,267.04377610447403
wbac0169,,residential,1.3678515,103.9304024,305.75112967054264
wbac0169,Tampines Dormitory,residential,1.3670657,103.929398,320.32965810308406
wbac0169,Tampines GreenGlade,residential,1.3679631,103.9342855,389.1388642187596
wbac0169,Tampines GreenView,residential,1.3655388,103.9358897,453.5802668454056
wbac0169,Tampines GreenWeave,residential,1.3639894,103.936375,534.186511745724
wbac0170,,residential,1.3678515,103.9304024,305.75112967054264
wbac0170,Tampines Dormitory,residential,1.3670657,103.929398,320.32965810308406
wbac0170,Tampines GreenGlade,residential,1.3679631,103.9342855,389.1388642187596
wbac0170,Tampines GreenView,residential,1.3655388,103.9358897,453.5802668454056
wbac0170,Tampines GreenWeave,residential,1.3639894,103.936375,534.186511745724
wbac0171,,residential,1.3678515,103.9304024,305.75112967054264
wbac0171,Tampines Dormitory,residential,1.3670657,103.929398,320.32965810308406
wbac0171,Tampines GreenGlade,residential,1.3679631,103.9342855,389.1388642187596
wbac0171,Tampines GreenView,residential,1.3655388,103.9358897,453.5802668454056
wbac0171,Tampines GreenWeave,residential,1.3639894,103.936375,534.186511745724
wbac0172,,residential,1.3678515,103.9304024,305.75112967054264
wbac0172,Tampines Dormitory,residential,1.3670657,103.929398,320.32965810308406
wbac0172,Tampines GreenGlade,residential,1.3679631,103.9342855,389.1388642187596
wbac0172,Tampines GreenView,residential,1.3655388,103.9358897,453.5802668454056
wbac0172,Tampines GreenWeave,residential,1.3639894,103.936375,534.186511745724
scdc0002,Kaki Bukit Industrial Park,industrial,1.3360267,103.9021999,215.00834441384274
scdc0002,Kaki Bukit Hostel,residential,1.3375276,103.9040096,379.9663211004733
scdc0002,Eunos Techpark,industrial,1.3349842,103.903739,421.66315454271154
scdc0002,Premier @ Kaki Bukit,industrial,1.3383572,103.9058921,602.2640895763996
scdc0002,Kaki Bukit Industrial Estate,industrial,1.3326158,103.9044693,660.3433264349737
wbac0161,Kaki Bukit Hostel,residential,1.3375276,103.9040096,154.70887996742013
wbac0161,Premier @ Kaki Bukit,industrial,1.3383572,103.9058921,160.91271359045345
wbac0161,Kaki Bukit Techpark,industrial,1.3360217,103.9075952,277.7637572123172
wbac0161,Eunos Techpark,industrial,1.3349842,103.903739,286.9888574887406
wbac0161,Kaki Bukit Industrial Park,industrial,1.3360267,103.9021999,363.3728998428092
wbac0162,Kaki Bukit Hostel,residential,1.3375276,103.9040096,154.70887996742013
wbac0162,Premier @ Kaki Bukit,industrial,1.3383572,103.9058921,160.91271359045345
wbac0162,Kaki Bukit Techpark,industrial,1.3360217,103.9075952,277.7637572123172
wbac0162,Eunos Techpark,industrial,1.3349842,103.903739,286.9888574887406
wbac0162,Kaki Bukit Industrial Park,industrial,1.3360267,103.9021999,363.3728998428092
wbac0163,Kaki Bukit Hostel,residential,1.3375276,103.9040096,154.70887996742013
wbac0163,Premier @ Kaki Bukit,industrial,1.3383572,103.9058921,160.91271359045345
wbac0163,Kaki Bukit Techpark,industrial,1.3360217,103.9075952,277.7637572123172
wbac0163,Eunos Techpark,industrial,1.3349842,103.903739,286.9888574887406
wbac0163,Kaki Bukit Industrial Park,industrial,1.3360267,103.9021999,363.3728998428092
wbac0164,Kaki Bukit Hostel,residential,1.3375276,103.9040096,154.70887996742013
wbac0164,Premier @ Kaki Bukit,industrial,1.3383572,103.9058921,160.91271359045345
wbac0164,Kaki Bukit Techpark,industrial,1.3360217,103.9075952,277.7637572123172
wbac0164,Eunos Techpark,industrial,1.3349842,103.903739,286.9888574887406
wbac0164,Kaki Bukit Industrial Park,industrial,1.3360267,103.9021999,363.3728998428092
wbac0189,Hiart,school,1.2899202,103.855961,401.4818304616757
wbac0189,Food In Action,school,1.2941588,103.8501653,414.671090905202
wbac0189,The School of Positive Psychology,school,1.2937773,103.849965,420.18338447199756
wbac0189,Excelsior Shopping Centre,mall,1.2920995,103.8496887,434.5893001323349
wbac0189,,residential,1.2963596,103.8572807,586.239494898836
wbac0190,Hiart,school,1.2899202,103.855961,401.4818304616757
wbac0190,Food In Action,school,1.2941588,103.8501653,414.671090905202
wbac0190,The School of Positive Psychology,school,1.2937773,103.849965,420.18338447199756
wbac0190,Excelsior Shopping Centre,mall,1.2920995,103.8496887,434.5893001323349
wbac0190,,residential,1.2963596,103.8572807,586.239494898836
wbac0125,,industrial,1.3553945,103.6921128,23.97233135177161
wbac0125,,industrial,1.3555315,103.6934671,175.27659798158308
wbac0125,CleanTech 3,industrial,1.3536545,103.6941452,315.06262105151995
wbac0125,,residential,1.3537757,103.6877844,490.8303733137963
wbac0125,,industrial,1.3547941,103.6964599,511.3385832781349
wbac0126,,industrial,1.3553945,103.6921128,23.97233135177161
wbac0126,,industrial,1.3555315,103.6934671,175.27659798158308
wbac0126,CleanTech 3,industrial,1.3536545,103.6941452,315.06262105151995
wbac0126,,residential,1.3537757,103.6877844,490.8303733137963
wbac0126,,industrial,1.3547941,103.6964599,511.3385832781349
wbac0127,,industrial,1.3553945,103.6921128,23.97233135177161
wbac0127,,industrial,1.3555315,103.6934671,175.27659798158308
wbac0127,CleanTech 3,industrial,1.3536545,103.6941452,315.06262105151995
wbac0127,,residential,1.3537757,103.6877844,490.8303733137963
wbac0127,,industrial,1.3547941,103.6964599,511.3385832781349
wbac0128,,industrial,1.3553945,103.6921128,23.97233135177161
wbac0128,,industrial,1.3555315,103.6934671,175.27659798158308
wbac0128,CleanTech 3,industrial,1.3536545,103.6941452,315.06262105151995
wbac0128,,residential,1.3537757,103.6877844,490.8303733137963
wbac0128,,industrial,1.3547941,103.6964599,511.3385832781349
akw232100005ad,,industrial,1.3702646,103.967066,154.70765451245884
akw232100005ad,,industrial,1.3707495,103.96633,174.67563764247222
akw232100005ad,,industrial,1.369844,103.9674318,186.4166129699558
akw232100005ad,,industrial,1.3722028,103.9648011,332.97930774559063
akw232100005ad,Loyang Valley,residential,1.3684358,103.9704252,454.772804268404
delac0287,Acacia Lodge,residential,1.3393994,103.7555845,163.94340622375424
delac0287,Parkview Apartments,residential,1.3414588,103.7601858,398.92796059128324
delac0287,,industrial,1.336082,103.7564787,417.5233080941984
delac0287,,industrial,1.3372687,103.7539963,437.0342605861086
delac0287,Spring View,residential,1.3437705,103.7563986,446.5959320540977
delac0288,Acacia Lodge,residential,1.3393994,103.7555845,163.94340622375424
delac0288,Parkview Apartments,residential,1.3414588,103.7601858,398.92796059128324
delac0288,,industrial,1.336082,103.7564787,417.5233080941984
delac0288,,industrial,1.3372687,103.7539963,437.0342605861086
delac0288,Spring View,residential,1.3437705,103.7563986,446.5959320540977
wbac0129,,industrial,1.3555315,103.6934671,41.36256417123626
wbac0129,,industrial,1.3553945,103.6921128,178.44256684516145
wbac0129,CleanTech 3,industrial,1.3536545,103.6941452,183.9607560429482
wbac0129,,industrial,1.3547941,103.6964599,309.7088753678123
wbac0129,Westwood Residences,residential,1.3523524,103.6966802,461.29317544935316
wbac0130,,industrial,1.3555315,103.6934671,41.36256417123626
wbac0130,,industrial,1.3553945,103.6921128,178.44256684516145
wbac0130,CleanTech 3,industrial,1.3536545,103.6941452,183.9607560429482
wbac0130,,industrial,1.3547941,103.6964599,309.7088753678123
wbac0130,Westwood Residences,residential,1.3523524,103.6966802,461.29317544935316
wbac0131,,industrial,1.3555315,103.6934671,41.36256417123626
wbac0131,,industrial,1.3553945,103.6921128,178.44256684516145
wbac0131,CleanTech 3,industrial,1.3536545,103.6941452,183.9607560429482
wbac0131,,industrial,1.3547941,103.6964599,309.7088753678123
wbac0131,Westwood Residences,residential,1.3523524,103.6966802,461.29317544935316
delac0004,,residential,1.3422445,103.7023417,183.30534997101066
delac0004,Edelweiss @ Jurong,residential,1.3439205,103.7047875,293.62480849933854
delac0004,,residential,1.3390245,103.7026188,302.09333180612765
delac0004,,residential,1.3421057,103.7064948,307.91483358563016
delac0004,,residential,1.3444303,103.7016818,404.43589166573355
delac0005,,residential,1.3422445,103.7023417,183.30534997101066
delac0005,Edelweiss @ Jurong,residential,1.3439205,103.7047875,293.62480849933854
delac0005,,residential,1.3390245,103.7026188,302.09333180612765
delac0005,,residential,1.3421057,103.7064948,307.91483358563016
delac0005,,residential,1.3444303,103.7016818,404.43589166573355
delac0006,,residential,1.3422445,103.7023417,183.30534997101066
delac0006,Edelweiss @ Jurong,residential,1.3439205,103.7047875,293.62480849933854
delac0006,,residential,1.3390245,103.7026188,302.09333180612765
delac0006,,residential,1.3421057,103.7064948,307.91483358563016
delac0006,,residential,1.3444303,103.7016818,404.43589166573355
delac0252,Boon Lay View,residential,1.3500441,103.7115082,103.5536955666674
delac0252,Boon Lay Place,residential,1.3475922,103.713689,281.49594588471143
delac0252,Google Data Center,industrial,1.3516523,103.7099974,339.17378783366206
delac0252,Boon Lay Grove,residential,1.3487712,103.7093983,351.544999482853
delac0252,Golden Peony,residential,1.3480979,103.7154627,388.0808392526756
delac0253,Boon Lay View,residential,1.3500441,103.7115082,103.5536955666674
delac0253,Boon Lay Place,residential,1.3475922,103.713689,281.49594588471143
delac0253,Google Data Center,industrial,1.3516523,103.7099974,339.17378783366206
delac0253,Boon Lay Grove,residential,1.3487712,103.7093983,351.544999482853
delac0253,Golden Peony,residential,1.3480979,103.7154627,388.0808392526756
delac0254,Boon Lay View,residential,1.3500441,103.7115082,103.5536955666674
delac0254,Boon Lay Place,residential,1.3475922,103.713689,281.49594588471143
delac0254,Google Data Center,industrial,1.3516523,103.7099974,339.17378783366206
delac0254,Boon Lay Grove,residential,1.3487712,103.7093983,351.544999482853
delac0254,Golden Peony,residential,1.3480979,103.7154627,388.0808392526756
delac0210,,residential,1.3278212,103.8596924,63.65313253230942
delac0210,Whampoa Heights,residential,1.3264122,103.8598376,94.1683798883294
delac0210,Tenteram Peak,residential,1.3274517,103.8609743,132.86549814031193
delac0210,,industrial,1.3286256,103.8585078,208.79986720092222
delac0210,The Elysia,residential,1.3266771,103.8619827,251.63848534882897
delac0211,,residential,1.3278212,103.8596924,63.65313253230942
delac0211,Whampoa Heights,residential,1.3264122,103.8598376,94.1683798883294
delac0211,Tenteram Peak,residential,1.3274517,103.8609743,132.86549814031193
delac0211,,industrial,1.3286256,103.8585078,208.79986720092222
delac0211,The Elysia,residential,1.3266771,103.8619827,251.63848534882897
delac0212,,residential,1.3278212,103.8596924,63.65313253230942
delac0212,Whampoa Heights,residential,1.3264122,103.8598376,94.1683798883294
delac0212,Tenteram Peak,residential,1.3274517,103.8609743,132.86549814031193
delac0212,,industrial,1.3286256,103.8585078,208.79986720092222
delac0212,The Elysia,residential,1.3266771,103.8619827,251.63848534882897
wbac0031,,residential,1.2924802,103.7676048,49.804680053699194
wbac0031,The Spectrum,residential,1.2915998,103.7686761,105.50300601569576
wbac0031,Westmont,residential,1.2929326,103.7670828,126.25926445740049
wbac0031,The Stellar,residential,1.2937244,103.7678427,176.35241533876646
wbac0031,,residential,1.2936229,103.7685748,181.43585681659698
wbac0032,,residential,1.2924802,103.7676048,49.804680053699194
wbac0032,The Spectrum,residential,1.2915998,103.7686761,105.50300601569576
wbac0032,Westmont,residential,1.2929326,103.7670828,126.25926445740049
wbac0032,The Stellar,residential,1.2937244,103.7678427,176.35241533876646
wbac0032,,residential,1.2936229,103.7685748,181.43585681659698
delac0132,Cantonment Towers,residential,1.2746665,103.8397288,72.17811576974516
delac0132,The Beacon,residential,1.2758481,103.840496,93.30152517868508
delac0132,,residential,1.2753066,103.8415626,148.03305175630905
delac0132,Everton Park,residential,1.2768964,103.8393546,229.14736004558304
delac0132,The Pinnacle@Duxton,residential,1.2767749,103.8413996,230.61849549180732
delac0133,Cantonment Towers,residential,1.2746665,103.8397288,72.17811576974516
delac0133,The Beacon,residential,1.2758481,103.840496,93.30152517868508
delac0133,,residential,1.2753066,103.8415626,148.03305175630905
delac0133,Everton Park,residential,1.2768964,103.8393546,229.14736004558304
delac0133,The Pinnacle@Duxton,residential,1.2767749,103.8413996,230.61849549180732
delac0134,Cantonment Towers,residential,1.2746665,103.8397288,72.17811576974516
delac0134,The Beacon,residential,1.2758481,103.840496,93.30152517868508
delac0134,,residential,1.2753066,103.8415626,148.03305175630905
delac0134,Everton Park,residential,1.2768964,103.8393546,229.14736004558304
delac0134,The Pinnacle@Duxton,residential,1.2767749,103.8413996,230.61849549180732
wbac0095,Mandarin Gardens,residential,1.307121,103.9244767,269.9962246552055
wbac0095,Neptune Court,residential,1.3065294,103.9219261,272.4802123523534
wbac0095,Lian Villas,residential,1.3088175,103.9221154,477.1065165563951
wbac0095,Seaside Residences,residential,1.3074849,103.9275572,522.1048490995239
wbac0095,Fernwood Towers,residential,1.3093648,103.9249923,525.2653612454853
wbac0096,Mandarin Gardens,residential,1.307121,103.9244767,269.9962246552055
wbac0096,Neptune Court,residential,1.3065294,103.9219261,272.4802123523534
wbac0096,Lian Villas,residential,1.3088175,103.9221154,477.1065165563951
wbac0096,Seaside Residences,residential,1.3074849,103.9275572,522.1048490995239
wbac0096,Fernwood Towers,residential,1.3093648,103.9249923,525.2653612454853
wbac0097,Mandarin Gardens,residential,1.307121,103.9244767,269.9962246552055
wbac0097,Neptune Court,residential,1.3065294,103.9219261,272.4802123523534
wbac0097,Lian Villas,residential,1.3088175,103.9221154,477.1065165563951
wbac0097,Seaside Residences,residential,1.3074849,103.9275572,522.1048490995239
wbac0097,Fernwood Towers,residential,1.3093648,103.9249923,525.2653612454853
wbac0098,Mandarin Gardens,residential,1.307121,103.9244767,269.9962246552055
wbac0098,Neptune Court,residential,1.3065294,103.9219261,272.4802123523534
wbac0098,Lian Villas,residential,1.3088175,103.9221154,477.1065165563951
wbac0098,Seaside Residences,residential,1.3074849,103.9275572,522.1048490995239
wbac0098,Fernwood Towers,residential,1.3093648,103.9249923,525.2653612454853
delac0147,,residential,1.3952557,103.7484886,82.06459665860275
delac0147,,residential,1.3954556,103.7457069,227.95360382883766
delac0147,,residential,1.3936831,103.7495555,270.1344097270943
delac0147,,residential,1.3929234,103.7467792,286.7812743707583
delac0147,,residential,1.3976313,103.7489655,291.0273415436063
delac0148,,residential,1.3952557,103.7484886,82.06459665860275
delac0148,,residential,1.3954556,103.7457069,227.95360382883766
delac0148,,residential,1.3936831,103.7495555,270.1344097270943
delac0148,,residential,1.3929234,103.7467792,286.7812743707583
delac0148,,residential,1.3976313,103.7489655,291.0273415436063
delac0149,,residential,1.3952557,103.7484886,82.06459665860275
delac0149,,residential,1.3954556,103.7457069,227.95360382883766
delac0149,,residential,1.3936831,103.7495555,270.1344097270943
delac0149,,residential,1.3929234,103.7467792,286.7812743707583
delac0149,,residential,1.3976313,103.7489655,291.0273415436063
wbac0029,,residential,1.27654,103.7923622,132.43662975099102
wbac0029,Ria Apartments,residential,1.2765105,103.792514,145.6948130737074
wbac0029,,residential,1.2767277,103.7925749,163.54144678263268
wbac0029,,residential,1.2777435,103.7914748,202.29061038688147
wbac0029,The Cassandra,residential,1.2765908,103.7930498,203.87216403499906
wbac0030,,residential,1.27654,103.7923622,132.43662975099102
wbac0030,Ria Apartments,residential,1.2765105,103.792514,145.6948130737074
wbac0030,,residential,1.2767277,103.7925749,163.54144678263268
wbac0030,,residential,1.2777435,103.7914748,202.29061038688147
wbac0030,The Cassandra,residential,1.2765908,103.7930498,203.87216403499906
delac0165,Tampines GreenRidges,residential,1.3617038,103.9364011,219.01220604262434
delac0165,Tampines GreenVale,residential,1.3594108,103.9335827,237.44478180811927
delac0165,Tampines Starlight,residential,1.3590268,103.9363416,332.87728808265723
delac0165,Tampines GreenWeave,residential,1.3639894,103.936375,361.82248890814526
delac0165,Pinevale,residential,1.3583858,103.9330181,367.29414071310856
delac0166,Tampines GreenRidges,residential,1.3617038,103.9364011,219.01220604262434
delac0166,Tampines GreenVale,residential,1.3594108,103.9335827,237.44478180811927
delac0166,Tampines Starlight,residential,1.3590268,103.9363416,332.87728808265723
delac0166,Tampines GreenWeave,residential,1.3639894,103.936375,361.82248890814526
delac0166,Pinevale,residential,1.3583858,103.9330181,367.29414071310856
delac0167,Tampines GreenRidges,residential,1.3617038,103.9364011,219.01220604262434
delac0167,Tampines GreenVale,residential,1.3594108,103.9335827,237.44478180811927
delac0167,Tampines Starlight,residential,1.3590268,103.9363416,332.87728808265723
delac0167,Tampines GreenWeave,residential,1.3639894,103.936375,361.82248890814526
delac0167,Pinevale,residential,1.3583858,103.9330181,367.29414071310856
delac0189,,residential,1.3395574,103.6969134,154.5258164391943
delac0189,Golden Lavender,residential,1.3428349,103.6969737,225.9877157415089
delac0189,,residential,1.3421845,103.6991053,238.94938133320994
delac0189,,residential,1.3417059,103.6948298,303.0872536822978
delac0189,,residential,1.3390172,103.7000346,355.19333041685746
delac0190,,residential,1.3395574,103.6969134,154.5258164391943
delac0190,Golden Lavender,residential,1.3428349,103.6969737,225.9877157415089
delac0190,,residential,1.3421845,103.6991053,238.94938133320994
delac0190,,residential,1.3417059,103.6948298,303.0872536822978
delac0190,,residential,1.3390172,103.7000346,355.19333041685746
delac0191,,residential,1.3395574,103.6969134,154.5258164391943
delac0191,Golden Lavender,residential,1.3428349,103.6969737,225.9877157415089
delac0191,,residential,1.3421845,103.6991053,238.94938133320994
delac0191,,residential,1.3417059,103.6948298,303.0872536822978
delac0191,,residential,1.3390172,103.7000346,355.19333041685746
delac0150,Skypeak @ Bukit Batok,residential,1.3453829,103.754757,105.90155749338712
delac0150,,residential,1.3478051,103.7536979,188.0496316294391
delac0150,The Dew,residential,1.3464486,103.7560586,189.24431229509202
delac0150,Golden Daisy,residential,1.3474524,103.7557076,200.0065114881481
delac0150,Spring View,residential,1.3437705,103.7563986,356.53586146189093
delac0151,Skypeak @ Bukit Batok,residential,1.3453829,103.754757,105.90155749338712
delac0151,,residential,1.3478051,103.7536979,188.0496316294391
delac0151,The Dew,residential,1.3464486,103.7560586,189.24431229509202
delac0151,Golden Daisy,residential,1.3474524,103.7557076,200.0065114881481
delac0151,Spring View,residential,1.3437705,103.7563986,356.53586146189093
delac0152,Skypeak @ Bukit Batok,residential,1.3453829,103.754757,105.90155749338712
delac0152,,residential,1.3478051,103.7536979,188.0496316294391
delac0152,The Dew,residential,1.3464486,103.7560586,189.24431229509202
delac0152,Golden Daisy,residential,1.3474524,103.7557076,200.0065114881481
delac0152,Spring View,residential,1.3437705,103.7563986,356.53586146189093
delac0159,,residential,1.321806,103.934821,287.9051487267832
delac0159,,residential,1.3174805,103.9394363,415.94944534955533
delac0159,Bedok South Parkview,residential,1.3227952,103.9398289,477.2412096591448
delac0159,Fujitec Singapore Corporation,industrial,1.3198602,103.9316878,548.4020536123521
delac0159,Hitachi Chemical,industrial,1.3180113,103.9319333,563.6003354100382
delac0160,,residential,1.321806,103.934821,287.9051487267832
delac0160,,residential,1.3174805,103.9394363,415.94944534955533
delac0160,Bedok South Parkview,residential,1.3227952,103.9398289,477.2412096591448
delac0160,Fujitec Singapore Corporation,industrial,1.3198602,103.9316878,548.4020536123521
delac0160,Hitachi Chemical,industrial,1.3180113,103.9319333,563.6003354100382
delac0161,,residential,1.321806,103.934821,287.9051487267832
delac0161,,residential,1.3174805,103.9394363,415.94944534955533
delac0161,Bedok South Parkview,residential,1.3227952,103.9398289,477.2412096591448
delac0161,Fujitec Singapore Corporation,industrial,1.3198602,103.9316878,548.4020536123521
delac0161,Hitachi Chemical,industrial,1.3180113,103.9319333,563.6003354100382
scdc0001,Shell Gas Pandan Terminal,industrial,1.2992367,103.7448023,276.4954247790112
scdc0001,Chevron Singapore Lube Oil Plant,industrial,1.3017717,103.7429863,396.51440536690495
scdc0001,,industrial,1.29779,103.7489874,458.76170596886703
scdc0001,,industrial,1.298003,103.7530125,801.9254047616962
scdc0001,,industrial,1.3016746,103.7537113,806.3227363714707
wbac0027,I Can Read,school,1.2650858,103.8204705,214.54857178817605
wbac0027,Heguru Method Learning Centre,school,1.2649537,103.8204957,227.78664117218244
wbac0027,The Reef at King’s Dock,residential,1.2653875,103.8174563,238.75025527007332
wbac0027,,residential,1.267776,103.8214937,283.3747200932686
wbac0027,,residential,1.2693127,103.8196607,307.77744086179763
wbac0028,I Can Read,school,1.2650858,103.8204705,214.54857178817605
wbac0028,Heguru Method Learning Centre,school,1.2649537,103.8204957,227.78664117218244
wbac0028,The Reef at King’s Dock,residential,1.2653875,103.8174563,238.75025527007332
wbac0028,,residential,1.267776,103.8214937,283.3747200932686
wbac0028,,residential,1.2693127,103.8196607,307.77744086179763
wb108840,West Sea Gardens,residential,1.2742542,103.7948305,292.99232168163496
wb108840,,industrial,1.2723863,103.7954725,319.9821817167167
wb108840,,industrial,1.2715704,103.7976282,323.03621980656527
wb108840,Former Pasir Panjang Power Station,industrial,1.2707499,103.7986018,432.8372648744153
wb108840,Westpoint Condominium,residential,1.276776,103.7934621,512.8032761800717
delac0174,Keat Hong Crest,residential,1.3751323,103.7431926,111.99154819981317
delac0174,Keat Hong Pride,residential,1.3732866,103.7432872,176.541187709279
delac0174,INZ Residence,residential,1.3744567,103.7396461,301.4363327146149
delac0174,Sunshine Gardens,residential,1.3761461,103.7400951,306.1946128308292
delac0174,Keat Hong Axis,residential,1.3754226,103.7452532,335.73077893233227
delac0175,Keat Hong Crest,residential,1.3751323,103.7431926,111.99154819981317
delac0175,Keat Hong Pride,residential,1.3732866,103.7432872,176.541187709279
delac0175,INZ Residence,residential,1.3744567,103.7396461,301.4363327146149
delac0175,Sunshine Gardens,residential,1.3761461,103.7400951,306.1946128308292
delac0175,Keat Hong Axis,residential,1.3754226,103.7452532,335.73077893233227
delac0176,Keat Hong Crest,residential,1.3751323,103.7431926,111.99154819981317
delac0176,Keat Hong Pride,residential,1.3732866,103.7432872,176.541187709279
delac0176,INZ Residence,residential,1.3744567,103.7396461,301.4363327146149
delac0176,Sunshine Gardens,residential,1.3761461,103.7400951,306.1946128308292
delac0176,Keat Hong Axis,residential,1.3754226,103.7452532,335.73077893233227
delac0099,,residential,1.2930769,103.8104848,57.150475879761565
delac0099,Strathmore Green,residential,1.2939797,103.8114926,103.65213401025652
delac0099,Dawson Vista,residential,1.2942682,103.8099012,115.3906275161734
delac0099,SkyTerrace@Dawson,residential,1.2952268,103.811841,227.1192283602401
delac0099,,residential,1.2945841,103.8087197,243.90550606228393
delac0100,,residential,1.2930769,103.8104848,57.150475879761565
delac0100,Strathmore Green,residential,1.2939797,103.8114926,103.65213401025652
delac0100,Dawson Vista,residential,1.2942682,103.8099012,115.3906275161734
delac0100,SkyTerrace@Dawson,residential,1.2952268,103.811841,227.1192283602401
delac0100,,residential,1.2945841,103.8087197,243.90550606228393
delac0101,,residential,1.2930769,103.8104848,57.150475879761565
delac0101,Strathmore Green,residential,1.2939797,103.8114926,103.65213401025652
delac0101,Dawson Vista,residential,1.2942682,103.8099012,115.3906275161734
delac0101,SkyTerrace@Dawson,residential,1.2952268,103.811841,227.1192283602401
delac0101,,residential,1.2945841,103.8087197,243.90550606228393
delac0126,West Edge @ Bukit Batok,residential,1.3581698,103.7398339,140.45664787069148
delac0126,West Ridges @ Bukit Batok,residential,1.356129,103.7382789,148.67237550482088
delac0126,Bukit View Primary School (U/C),school,1.358512,103.7411468,282.3694930566908
delac0126,Parc Residences @ Tengah,residential,1.3598601,103.7383748,290.0181766399122
delac0126,Le Quest,residential,1.3559414,103.7411571,292.30019641432045
delac0127,West Edge @ Bukit Batok,residential,1.3581698,103.7398339,140.45664787069148
delac0127,West Ridges @ Bukit Batok,residential,1.356129,103.7382789,148.67237550482088
delac0127,Bukit View Primary School (U/C),school,1.358512,103.7411468,282.3694930566908
delac0127,Parc Residences @ Tengah,residential,1.3598601,103.7383748,290.0181766399122
delac0127,Le Quest,residential,1.3559414,103.7411571,292.30019641432045
delac0128,West Edge @ Bukit Batok,residential,1.3581698,103.7398339,140.45664787069148
delac0128,West Ridges @ Bukit Batok,residential,1.356129,103.7382789,148.67237550482088
delac0128,Bukit View Primary School (U/C),school,1.358512,103.7411468,282.3694930566908
delac0128,Parc Residences @ Tengah,residential,1.3598601,103.7383748,290.0181766399122
delac0128,Le Quest,residential,1.3559414,103.7411571,292.30019641432045
delac0036,West Quarry @ Bukit Batok,residential,1.3538449,103.7396977,120.94211946187251
delac0036,West Rock @ Bukit Batok,residential,1.3548318,103.7401485,143.91625748581305
delac0036,West Ridges @ Bukit Batok,residential,1.356129,103.7382789,186.4383887835582
delac0036,West Valley @ Bukit Batok,residential,1.3526061,103.7406682,294.70606075233854
delac0036,Le Quest,residential,1.3559414,103.7411571,295.66610003736463
delac0037,West Quarry @ Bukit Batok,residential,1.3538449,103.7396977,120.94211946187251
delac0037,West Rock @ Bukit Batok,residential,1.3548318,103.7401485,143.91625748581305
delac0037,West Ridges @ Bukit Batok,residential,1.356129,103.7382789,186.4383887835582
delac0037,West Valley @ Bukit Batok,residential,1.3526061,103.7406682,294.70606075233854
delac0037,Le Quest,residential,1.3559414,103.7411571,295.66610003736463
delac0038,West Quarry @ Bukit Batok,residential,1.3538449,103.7396977,120.94211946187251
delac0038,West Rock @ Bukit Batok,residential,1.3548318,103.7401485,143.91625748581305
delac0038,West Ridges @ Bukit Batok,residential,1.356129,103.7382789,186.4383887835582
delac0038,West Valley @ Bukit Batok,residential,1.3526061,103.7406682,294.70606075233854
delac0038,Le Quest,residential,1.3559414,103.7411571,295.66610003736463
delac0093,Boon Lay Gardens,residential,1.344117,103.714995,144.8094874877928
delac0093,Boon Lay Fields,residential,1.343384,103.7138741,258.19992392791175
delac0093,Boon Lay Place,residential,1.3475922,103.713689,281.71815306828944
delac0093,Golden Peony,residential,1.3480979,103.7154627,302.4041231179833
delac0093,Parc Vista,residential,1.3442911,103.7175592,311.71677562842734
delac0094,Boon Lay Gardens,residential,1.344117,103.714995,144.8094874877928
delac0094,Boon Lay Fields,residential,1.343384,103.7138741,258.19992392791175
delac0094,Boon Lay Place,residential,1.3475922,103.713689,281.71815306828944
delac0094,Golden Peony,residential,1.3480979,103.7154627,302.4041231179833
delac0094,Parc Vista,residential,1.3442911,103.7175592,311.71677562842734
delac0095,Boon Lay Gardens,residential,1.344117,103.714995,144.8094874877928
delac0095,Boon Lay Fields,residential,1.343384,103.7138741,258.19992392791175
delac0095,Boon Lay Place,residential,1.3475922,103.713689,281.71815306828944
delac0095,Golden Peony,residential,1.3480979,103.7154627,302.4041231179833
delac0095,Parc Vista,residential,1.3442911,103.7175592,311.71677562842734
delac0117,Golden Carnation,residential,1.3453079,103.9461526,59.49550524989875
delac0117,Treasure at Tampines,residential,1.3446347,103.9474798,174.8110937763145
delac0117,AGrader Learning Centre,school,1.3460475,103.9442822,227.02502901692694
delac0117,,industrial,1.3432994,103.9443141,246.29917937796222
delac0117,,residential,1.3472172,103.9473036,307.1779881868434
delac0118,Golden Carnation,residential,1.3453079,103.9461526,59.49550524989875
delac0118,Treasure at Tampines,residential,1.3446347,103.9474798,174.8110937763145
delac0118,AGrader Learning Centre,school,1.3460475,103.9442822,227.02502901692694
delac0118,,industrial,1.3432994,103.9443141,246.29917937796222
delac0118,,residential,1.3472172,103.9473036,307.1779881868434
delac0119,Golden Carnation,residential,1.3453079,103.9461526,59.49550524989875
delac0119,Treasure at Tampines,residential,1.3446347,103.9474798,174.8110937763145
delac0119,AGrader Learning Centre,school,1.3460475,103.9442822,227.02502901692694
delac0119,,industrial,1.3432994,103.9443141,246.29917937796222
delac0119,,residential,1.3472172,103.9473036,307.1779881868434
delac0019,Keat Hong Colours,residential,1.3735837,103.745879,119.7946604010916
delac0019,Keat Hong Axis,residential,1.3754226,103.7452532,221.75333712163768
delac0019,Keat Hong Quad,residential,1.3764909,103.7471293,262.46236843085103
delac0019,CCK Dorm B,residential,1.3723668,103.7491249,326.6809560547708
delac0019,Keat Hong Verge,residential,1.3751235,103.7499762,369.90215810969136
delac0020,Keat Hong Colours,residential,1.3735837,103.745879,119.7946604010916
delac0020,Keat Hong Axis,residential,1.3754226,103.7452532,221.75333712163768
delac0020,Keat Hong Quad,residential,1.3764909,103.7471293,262.46236843085103
delac0020,CCK Dorm B,residential,1.3723668,103.7491249,326.6809560547708
delac0020,Keat Hong Verge,residential,1.3751235,103.7499762,369.90215810969136
delac0021,Keat Hong Colours,residential,1.3735837,103.745879,119.7946604010916
delac0021,Keat Hong Axis,residential,1.3754226,103.7452532,221.75333712163768
delac0021,Keat Hong Quad,residential,1.3764909,103.7471293,262.46236843085103
delac0021,CCK Dorm B,residential,1.3723668,103.7491249,326.6809560547708
delac0021,Keat Hong Verge,residential,1.3751235,103.7499762,369.90215810969136
terra0001,,residential,1.3425234,103.8555646,147.26087735426123
terra0001,Bishan Green,residential,1.3449287,103.8535301,204.59420632944725
terra0001,,residential,1.3415054,103.8545299,214.43068983072294
terra0001,Golden Jasmine,residential,1.3455003,103.8540852,236.9785226182255
terra0001,Bishan Towers,residential,1.344397,103.8568013,267.04377610447403
delac0022,Clementi Meadows,residential,1.3210741,103.7657647,180.37398322883797
delac0022,Trivelis,residential,1.3194989,103.7657039,218.27510114943942
delac0022,,residential,1.3185043,103.767336,234.50539307177772
delac0022,,residential,1.3186671,103.7692737,306.5566183134849
delac0022,East Lodge (Clementi),residential,1.3205583,103.7701211,311.40075699038294
delac0023,Clementi Meadows,residential,1.3210741,103.7657647,180.37398322883797
delac0023,Trivelis,residential,1.3194989,103.7657039,218.27510114943942
delac0023,,residential,1.3185043,103.767336,234.50539307177772
delac0023,,residential,1.3186671,103.7692737,306.5566183134849
delac0023,East Lodge (Clementi),residential,1.3205583,103.7701211,311.40075699038294
delac0024,Clementi Meadows,residential,1.3210741,103.7657647,180.37398322883797
delac0024,Trivelis,residential,1.3194989,103.7657039,218.27510114943942
delac0024,,residential,1.3185043,103.767336,234.50539307177772
delac0024,,residential,1.3186671,103.7692737,306.5566183134849
delac0024,East Lodge (Clementi),residential,1.3205583,103.7701211,311.40075699038294
wapd21120001,,residential,1.3241448,103.7736174,675.9235487716586
wapd21120001,Matchbox @ 100 Ulu Pandan,residential,1.3218339,103.7792851,866.9947320412346
wapd21120001,Ki Residences at Brookvale,residential,1.3301819,103.7687973,907.0410123082205
wapd21120001,The Sterling,residential,1.3355387,103.7822239,915.0470138275122
wapd21120001,Casa Esperanza,residential,1.3345877,103.7832772,923.5813787152172
wbac0021,,residential,1.3241448,103.7736174,675.9235487716586
wbac0021,Matchbox @ 100 Ulu Pandan,residential,1.3218339,103.7792851,866.9947320412346
wbac0021,Ki Residences at Brookvale,residential,1.3301819,103.7687973,907.0410123082205
wbac0021,The Sterling,residential,1.3355387,103.7822239,915.0470138275122
wbac0021,Casa Esperanza,residential,1.3345877,103.7832772,923.5813787152172
wbac0022,,residential,1.3241448,103.7736174,675.9235487716586
wbac0022,Matchbox @ 100 Ulu Pandan,residential,1.3218339,103.7792851,866.9947320412346
wbac0022,Ki Residences at Brookvale,residential,1.3301819,103.7687973,907.0410123082205
wbac0022,The Sterling,residential,1.3355387,103.7822239,915.0470138275122
wbac0022,Casa Esperanza,residential,1.3345877,103.7832772,923.5813787152172
delac0007,,residential,1.3421057,103.7064948,114.6637609749699
delac0007,Edelweiss @ Jurong,residential,1.3439205,103.7047875,174.3024096950182
delac0007,Jurong West Blossom,residential,1.3409536,103.7080866,332.0571642433237
delac0007,,residential,1.3422445,103.7023417,360.58230497992463
delac0007,Boon Lay Crest,residential,1.3455515,103.7074152,390.6209521422726
delac0008,,residential,1.3421057,103.7064948,114.6637609749699
delac0008,Edelweiss @ Jurong,residential,1.3439205,103.7047875,174.3024096950182
delac0008,Jurong West Blossom,residential,1.3409536,103.7080866,332.0571642433237
delac0008,,residential,1.3422445,103.7023417,360.58230497992463
delac0008,Boon Lay Crest,residential,1.3455515,103.7074152,390.6209521422726
delac0009,,residential,1.3421057,103.7064948,114.6637609749699
delac0009,Edelweiss @ Jurong,residential,1.3439205,103.7047875,174.3024096950182
delac0009,Jurong West Blossom,residential,1.3409536,103.7080866,332.0571642433237
delac0009,,residential,1.3422445,103.7023417,360.58230497992463
delac0009,Boon Lay Crest,residential,1.3455515,103.7074152,390.6209521422726
,,residential,34.226222,70.3878701,969.5853456571724
,,residential,34.2259148,70.3899076,1096.388673441244
,,residential,34.225205,70.3913237,1168.2115228687173
,,residential,34.2316955,70.3858216,1365.2859206469873
,,residential,34.2298839,70.3896328,1376.2010070480294
